ID	Label	Type	hasFloatValue	hasUnit
ID	LABEL	TYPE	AT gc:hasFloatValue^^xsd:float	I gc:hasUnit
ex:freqval_caa001a_1	Frequency mode 1 caa001a	gc:FloatValue	10.77	gc:cm-1
ex:freqval_caa001a_2	Frequency mode 2 caa001a	gc:FloatValue	4.52	gc:cm-1
ex:freqval_caa001a_3	Frequency mode 3 caa001a	gc:FloatValue	2.2	gc:cm-1
ex:freqval_caa001a_4	Frequency mode 4 caa001a	gc:FloatValue	1.5	gc:cm-1
ex:freqval_caa001a_5	Frequency mode 5 caa001a	gc:FloatValue	10.59	gc:cm-1
ex:freqval_caa001a_6	Frequency mode 6 caa001a	gc:FloatValue	16.23	gc:cm-1
ex:intval_caa001a_1	IR intensity mode 1 caa001a	gc:FloatValue	0.02978	gc:debyeSquaredPerAmuAngstromSquared
ex:intval_caa001a_2	IR intensity mode 2 caa001a	gc:FloatValue	0.01704	gc:debyeSquaredPerAmuAngstromSquared
ex:intval_caa001a_3	IR intensity mode 3 caa001a	gc:FloatValue	0.00068	gc:debyeSquaredPerAmuAngstromSquared
ex:intval_caa001a_4	IR intensity mode 4 caa001a	gc:FloatValue	0.00249	gc:debyeSquaredPerAmuAngstromSquared
ex:intval_caa001a_5	IR intensity mode 5 caa001a	gc:FloatValue	0.08165	gc:debyeSquaredPerAmuAngstromSquared
ex:intval_caa001a_6	IR intensity mode 6 caa001a	gc:FloatValue	0.05474	gc:debyeSquaredPerAmuAngstromSquared
ex:freqval_caa001b_1	Frequency mode 1 caa001b	gc:FloatValue	10.82	gc:cm-1
ex:freqval_caa001b_2	Frequency mode 2 caa001b	gc:FloatValue	4.52	gc:cm-1
ex:freqval_caa001b_3	Frequency mode 3 caa001b	gc:FloatValue	2.21	gc:cm-1
ex:freqval_caa001b_4	Frequency mode 4 caa001b	gc:FloatValue	0.32	gc:cm-1
ex:freqval_caa001b_5	Frequency mode 5 caa001b	gc:FloatValue	10.61	gc:cm-1
ex:freqval_caa001b_6	Frequency mode 6 caa001b	gc:FloatValue	16.26	gc:cm-1
ex:intval_caa001b_1	IR intensity mode 1 caa001b	gc:FloatValue	0.03085	gc:debyeSquaredPerAmuAngstromSquared
ex:intval_caa001b_2	IR intensity mode 2 caa001b	gc:FloatValue	0.01699	gc:debyeSquaredPerAmuAngstromSquared
ex:intval_caa001b_3	IR intensity mode 3 caa001b	gc:FloatValue	7e-04	gc:debyeSquaredPerAmuAngstromSquared
ex:intval_caa001b_4	IR intensity mode 4 caa001b	gc:FloatValue	0.00245	gc:debyeSquaredPerAmuAngstromSquared
ex:intval_caa001b_5	IR intensity mode 5 caa001b	gc:FloatValue	0.08129	gc:debyeSquaredPerAmuAngstromSquared
ex:intval_caa001b_6	IR intensity mode 6 caa001b	gc:FloatValue	0.05515	gc:debyeSquaredPerAmuAngstromSquared
ex:freqval_caa002_1	Frequency mode 1 caa002	gc:FloatValue	28.25	gc:cm-1
ex:freqval_caa002_2	Frequency mode 2 caa002	gc:FloatValue	0.81	gc:cm-1
ex:freqval_caa002_3	Frequency mode 3 caa002	gc:FloatValue	0.42	gc:cm-1
ex:freqval_caa002_4	Frequency mode 4 caa002	gc:FloatValue	0.1	gc:cm-1
ex:freqval_caa002_5	Frequency mode 5 caa002	gc:FloatValue	21.23	gc:cm-1
ex:freqval_caa002_6	Frequency mode 6 caa002	gc:FloatValue	32.75	gc:cm-1
ex:intval_caa002_1	IR intensity mode 1 caa002	gc:FloatValue	0.00264	gc:debyeSquaredPerAmuAngstromSquared
ex:intval_caa002_2	IR intensity mode 2 caa002	gc:FloatValue	5e-05	gc:debyeSquaredPerAmuAngstromSquared
ex:intval_caa002_3	IR intensity mode 3 caa002	gc:FloatValue	3e-05	gc:debyeSquaredPerAmuAngstromSquared
ex:intval_caa002_4	IR intensity mode 4 caa002	gc:FloatValue	0	gc:debyeSquaredPerAmuAngstromSquared
ex:intval_caa002_5	IR intensity mode 5 caa002	gc:FloatValue	0.01043	gc:debyeSquaredPerAmuAngstromSquared
ex:intval_caa002_6	IR intensity mode 6 caa002	gc:FloatValue	0.4229	gc:debyeSquaredPerAmuAngstromSquared
ex:freqval_caa002a_1	Frequency mode 1 caa002a	gc:FloatValue	-66.68	gc:cm-1
ex:freqval_caa002a_2	Frequency mode 2 caa002a	gc:FloatValue	23.58	gc:cm-1
ex:freqval_caa002a_3	Frequency mode 3 caa002a	gc:FloatValue	16.72	gc:cm-1
ex:freqval_caa002a_4	Frequency mode 4 caa002a	gc:FloatValue	7.25	gc:cm-1
ex:freqval_caa002a_5	Frequency mode 5 caa002a	gc:FloatValue	1.01	gc:cm-1
ex:freqval_caa002a_6	Frequency mode 6 caa002a	gc:FloatValue	0.31	gc:cm-1
ex:freqval_caa002a_7	Frequency mode 7 caa002a	gc:FloatValue	5.19	gc:cm-1
ex:intval_caa002a_1	IR intensity mode 1 caa002a	gc:FloatValue	0.46975	gc:debyeSquaredPerAmuAngstromSquared
ex:intval_caa002a_2	IR intensity mode 2 caa002a	gc:FloatValue	0.02139	gc:debyeSquaredPerAmuAngstromSquared
ex:intval_caa002a_3	IR intensity mode 3 caa002a	gc:FloatValue	0.20553	gc:debyeSquaredPerAmuAngstromSquared
ex:intval_caa002a_4	IR intensity mode 4 caa002a	gc:FloatValue	0.02308	gc:debyeSquaredPerAmuAngstromSquared
ex:intval_caa002a_5	IR intensity mode 5 caa002a	gc:FloatValue	0.00078	gc:debyeSquaredPerAmuAngstromSquared
ex:intval_caa002a_6	IR intensity mode 6 caa002a	gc:FloatValue	0.00033	gc:debyeSquaredPerAmuAngstromSquared
ex:intval_caa002a_7	IR intensity mode 7 caa002a	gc:FloatValue	0.05682	gc:debyeSquaredPerAmuAngstromSquared
ex:freqval_caa002b_1	Frequency mode 1 caa002b	gc:FloatValue	30.05	gc:cm-1
ex:freqval_caa002b_2	Frequency mode 2 caa002b	gc:FloatValue	22.94	gc:cm-1
ex:freqval_caa002b_3	Frequency mode 3 caa002b	gc:FloatValue	3.24	gc:cm-1
ex:freqval_caa002b_4	Frequency mode 4 caa002b	gc:FloatValue	0.11	gc:cm-1
ex:freqval_caa002b_5	Frequency mode 5 caa002b	gc:FloatValue	0.3	gc:cm-1
ex:freqval_caa002b_6	Frequency mode 6 caa002b	gc:FloatValue	0.5	gc:cm-1
ex:intval_caa002b_1	IR intensity mode 1 caa002b	gc:FloatValue	0.11143	gc:debyeSquaredPerAmuAngstromSquared
ex:intval_caa002b_2	IR intensity mode 2 caa002b	gc:FloatValue	0.21636	gc:debyeSquaredPerAmuAngstromSquared
ex:intval_caa002b_3	IR intensity mode 3 caa002b	gc:FloatValue	0.11441	gc:debyeSquaredPerAmuAngstromSquared
ex:intval_caa002b_4	IR intensity mode 4 caa002b	gc:FloatValue	0	gc:debyeSquaredPerAmuAngstromSquared
ex:intval_caa002b_5	IR intensity mode 5 caa002b	gc:FloatValue	3e-05	gc:debyeSquaredPerAmuAngstromSquared
ex:intval_caa002b_6	IR intensity mode 6 caa002b	gc:FloatValue	0.00257	gc:debyeSquaredPerAmuAngstromSquared
ex:freqval_caa003a_1	Frequency mode 1 caa003a	gc:FloatValue	-135.28	gc:cm-1
ex:freqval_caa003a_2	Frequency mode 2 caa003a	gc:FloatValue	-66.61	gc:cm-1
ex:freqval_caa003a_3	Frequency mode 3 caa003a	gc:FloatValue	0.65	gc:cm-1
ex:freqval_caa003a_4	Frequency mode 4 caa003a	gc:FloatValue	0.17	gc:cm-1
ex:freqval_caa003a_5	Frequency mode 5 caa003a	gc:FloatValue	0.12	gc:cm-1
ex:freqval_caa003a_6	Frequency mode 6 caa003a	gc:FloatValue	15.8	gc:cm-1
ex:freqval_caa003a_7	Frequency mode 7 caa003a	gc:FloatValue	25.4	gc:cm-1
ex:freqval_caa003a_8	Frequency mode 8 caa003a	gc:FloatValue	35.96	gc:cm-1
ex:intval_caa003a_1	IR intensity mode 1 caa003a	gc:FloatValue	3.43319	gc:debyeSquaredPerAmuAngstromSquared
ex:intval_caa003a_2	IR intensity mode 2 caa003a	gc:FloatValue	0.13806	gc:debyeSquaredPerAmuAngstromSquared
ex:intval_caa003a_3	IR intensity mode 3 caa003a	gc:FloatValue	1e-05	gc:debyeSquaredPerAmuAngstromSquared
ex:intval_caa003a_4	IR intensity mode 4 caa003a	gc:FloatValue	0	gc:debyeSquaredPerAmuAngstromSquared
ex:intval_caa003a_5	IR intensity mode 5 caa003a	gc:FloatValue	0	gc:debyeSquaredPerAmuAngstromSquared
ex:intval_caa003a_6	IR intensity mode 6 caa003a	gc:FloatValue	0.01376	gc:debyeSquaredPerAmuAngstromSquared
ex:intval_caa003a_7	IR intensity mode 7 caa003a	gc:FloatValue	0.10725	gc:debyeSquaredPerAmuAngstromSquared
ex:intval_caa003a_8	IR intensity mode 8 caa003a	gc:FloatValue	0.02118	gc:debyeSquaredPerAmuAngstromSquared
ex:freqval_caa003b_1	Frequency mode 1 caa003b	gc:FloatValue	0.28	gc:cm-1
ex:freqval_caa003b_2	Frequency mode 2 caa003b	gc:FloatValue	0.22	gc:cm-1
ex:freqval_caa003b_3	Frequency mode 3 caa003b	gc:FloatValue	0.12	gc:cm-1
ex:freqval_caa003b_4	Frequency mode 4 caa003b	gc:FloatValue	15.89	gc:cm-1
ex:freqval_caa003b_5	Frequency mode 5 caa003b	gc:FloatValue	24.15	gc:cm-1
ex:freqval_caa003b_6	Frequency mode 6 caa003b	gc:FloatValue	37.97	gc:cm-1
ex:intval_caa003b_1	IR intensity mode 1 caa003b	gc:FloatValue	0	gc:debyeSquaredPerAmuAngstromSquared
ex:intval_caa003b_2	IR intensity mode 2 caa003b	gc:FloatValue	0	gc:debyeSquaredPerAmuAngstromSquared
ex:intval_caa003b_3	IR intensity mode 3 caa003b	gc:FloatValue	0	gc:debyeSquaredPerAmuAngstromSquared
ex:intval_caa003b_4	IR intensity mode 4 caa003b	gc:FloatValue	0.00299	gc:debyeSquaredPerAmuAngstromSquared
ex:intval_caa003b_5	IR intensity mode 5 caa003b	gc:FloatValue	0.07747	gc:debyeSquaredPerAmuAngstromSquared
ex:intval_caa003b_6	IR intensity mode 6 caa003b	gc:FloatValue	0.08334	gc:debyeSquaredPerAmuAngstromSquared
ex:freqval_caa003c_1	Frequency mode 1 caa003c	gc:FloatValue	0.32	gc:cm-1
ex:freqval_caa003c_2	Frequency mode 2 caa003c	gc:FloatValue	0.16	gc:cm-1
ex:freqval_caa003c_3	Frequency mode 3 caa003c	gc:FloatValue	0.1	gc:cm-1
ex:freqval_caa003c_4	Frequency mode 4 caa003c	gc:FloatValue	13.8	gc:cm-1
ex:freqval_caa003c_5	Frequency mode 5 caa003c	gc:FloatValue	20.61	gc:cm-1
ex:freqval_caa003c_6	Frequency mode 6 caa003c	gc:FloatValue	37.28	gc:cm-1
ex:intval_caa003c_1	IR intensity mode 1 caa003c	gc:FloatValue	1e-05	gc:debyeSquaredPerAmuAngstromSquared
ex:intval_caa003c_2	IR intensity mode 2 caa003c	gc:FloatValue	0	gc:debyeSquaredPerAmuAngstromSquared
ex:intval_caa003c_3	IR intensity mode 3 caa003c	gc:FloatValue	0	gc:debyeSquaredPerAmuAngstromSquared
ex:intval_caa003c_4	IR intensity mode 4 caa003c	gc:FloatValue	0.01161	gc:debyeSquaredPerAmuAngstromSquared
ex:intval_caa003c_5	IR intensity mode 5 caa003c	gc:FloatValue	0.07145	gc:debyeSquaredPerAmuAngstromSquared
ex:intval_caa003c_6	IR intensity mode 6 caa003c	gc:FloatValue	0.08051	gc:debyeSquaredPerAmuAngstromSquared
ex:freqval_caa003d_1	Frequency mode 1 caa003d	gc:FloatValue	-75.64	gc:cm-1
ex:freqval_caa003d_2	Frequency mode 2 caa003d	gc:FloatValue	-52.12	gc:cm-1
ex:freqval_caa003d_3	Frequency mode 3 caa003d	gc:FloatValue	0.61	gc:cm-1
ex:freqval_caa003d_4	Frequency mode 4 caa003d	gc:FloatValue	0.19	gc:cm-1
ex:freqval_caa003d_5	Frequency mode 5 caa003d	gc:FloatValue	0.11	gc:cm-1
ex:freqval_caa003d_6	Frequency mode 6 caa003d	gc:FloatValue	15.07	gc:cm-1
ex:freqval_caa003d_7	Frequency mode 7 caa003d	gc:FloatValue	17.5	gc:cm-1
ex:freqval_caa003d_8	Frequency mode 8 caa003d	gc:FloatValue	36.62	gc:cm-1
ex:intval_caa003d_1	IR intensity mode 1 caa003d	gc:FloatValue	0.20529	gc:debyeSquaredPerAmuAngstromSquared
ex:intval_caa003d_2	IR intensity mode 2 caa003d	gc:FloatValue	0.27123	gc:debyeSquaredPerAmuAngstromSquared
ex:intval_caa003d_3	IR intensity mode 3 caa003d	gc:FloatValue	6e-05	gc:debyeSquaredPerAmuAngstromSquared
ex:intval_caa003d_4	IR intensity mode 4 caa003d	gc:FloatValue	2e-05	gc:debyeSquaredPerAmuAngstromSquared
ex:intval_caa003d_5	IR intensity mode 5 caa003d	gc:FloatValue	0	gc:debyeSquaredPerAmuAngstromSquared
ex:intval_caa003d_6	IR intensity mode 6 caa003d	gc:FloatValue	0.0357	gc:debyeSquaredPerAmuAngstromSquared
ex:intval_caa003d_7	IR intensity mode 7 caa003d	gc:FloatValue	0.1667	gc:debyeSquaredPerAmuAngstromSquared
ex:intval_caa003d_8	IR intensity mode 8 caa003d	gc:FloatValue	0.2163	gc:debyeSquaredPerAmuAngstromSquared
ex:freqval_caa004a_1	Frequency mode 1 caa004a	gc:FloatValue	8.08	gc:cm-1
ex:freqval_caa004a_2	Frequency mode 2 caa004a	gc:FloatValue	6.23	gc:cm-1
ex:freqval_caa004a_3	Frequency mode 3 caa004a	gc:FloatValue	0.15	gc:cm-1
ex:freqval_caa004a_4	Frequency mode 4 caa004a	gc:FloatValue	0.12	gc:cm-1
ex:freqval_caa004a_5	Frequency mode 5 caa004a	gc:FloatValue	0.08	gc:cm-1
ex:freqval_caa004a_6	Frequency mode 6 caa004a	gc:FloatValue	13.31	gc:cm-1
ex:intval_caa004a_1	IR intensity mode 1 caa004a	gc:FloatValue	0.19649	gc:debyeSquaredPerAmuAngstromSquared
ex:intval_caa004a_2	IR intensity mode 2 caa004a	gc:FloatValue	0.0217	gc:debyeSquaredPerAmuAngstromSquared
ex:intval_caa004a_3	IR intensity mode 3 caa004a	gc:FloatValue	6e-05	gc:debyeSquaredPerAmuAngstromSquared
ex:intval_caa004a_4	IR intensity mode 4 caa004a	gc:FloatValue	0	gc:debyeSquaredPerAmuAngstromSquared
ex:intval_caa004a_5	IR intensity mode 5 caa004a	gc:FloatValue	0	gc:debyeSquaredPerAmuAngstromSquared
ex:intval_caa004a_6	IR intensity mode 6 caa004a	gc:FloatValue	1.13852	gc:debyeSquaredPerAmuAngstromSquared
ex:freqval_caa004b_1	Frequency mode 1 caa004b	gc:FloatValue	7.76	gc:cm-1
ex:freqval_caa004b_2	Frequency mode 2 caa004b	gc:FloatValue	7.43	gc:cm-1
ex:freqval_caa004b_3	Frequency mode 3 caa004b	gc:FloatValue	0.12	gc:cm-1
ex:freqval_caa004b_4	Frequency mode 4 caa004b	gc:FloatValue	0.1	gc:cm-1
ex:freqval_caa004b_5	Frequency mode 5 caa004b	gc:FloatValue	0.05	gc:cm-1
ex:freqval_caa004b_6	Frequency mode 6 caa004b	gc:FloatValue	17.3	gc:cm-1
ex:intval_caa004b_1	IR intensity mode 1 caa004b	gc:FloatValue	0.00108	gc:debyeSquaredPerAmuAngstromSquared
ex:intval_caa004b_2	IR intensity mode 2 caa004b	gc:FloatValue	0.02877	gc:debyeSquaredPerAmuAngstromSquared
ex:intval_caa004b_3	IR intensity mode 3 caa004b	gc:FloatValue	1e-05	gc:debyeSquaredPerAmuAngstromSquared
ex:intval_caa004b_4	IR intensity mode 4 caa004b	gc:FloatValue	0	gc:debyeSquaredPerAmuAngstromSquared
ex:intval_caa004b_5	IR intensity mode 5 caa004b	gc:FloatValue	0	gc:debyeSquaredPerAmuAngstromSquared
ex:intval_caa004b_6	IR intensity mode 6 caa004b	gc:FloatValue	0.33755	gc:debyeSquaredPerAmuAngstromSquared
ex:freqval_caa004c_1	Frequency mode 1 caa004c	gc:FloatValue	-298.11	gc:cm-1
ex:freqval_caa004c_2	Frequency mode 2 caa004c	gc:FloatValue	-176.29	gc:cm-1
ex:freqval_caa004c_3	Frequency mode 3 caa004c	gc:FloatValue	13.57	gc:cm-1
ex:freqval_caa004c_4	Frequency mode 4 caa004c	gc:FloatValue	0.33	gc:cm-1
ex:freqval_caa004c_5	Frequency mode 5 caa004c	gc:FloatValue	0.07	gc:cm-1
ex:freqval_caa004c_6	Frequency mode 6 caa004c	gc:FloatValue	0.01	gc:cm-1
ex:freqval_caa004c_7	Frequency mode 7 caa004c	gc:FloatValue	14.94	gc:cm-1
ex:freqval_caa004c_8	Frequency mode 8 caa004c	gc:FloatValue	18.39	gc:cm-1
ex:intval_caa004c_1	IR intensity mode 1 caa004c	gc:FloatValue	3.0283	gc:debyeSquaredPerAmuAngstromSquared
ex:intval_caa004c_2	IR intensity mode 2 caa004c	gc:FloatValue	3.96554	gc:debyeSquaredPerAmuAngstromSquared
ex:intval_caa004c_3	IR intensity mode 3 caa004c	gc:FloatValue	0.00739	gc:debyeSquaredPerAmuAngstromSquared
ex:intval_caa004c_4	IR intensity mode 4 caa004c	gc:FloatValue	0	gc:debyeSquaredPerAmuAngstromSquared
ex:intval_caa004c_5	IR intensity mode 5 caa004c	gc:FloatValue	0	gc:debyeSquaredPerAmuAngstromSquared
ex:intval_caa004c_6	IR intensity mode 6 caa004c	gc:FloatValue	0	gc:debyeSquaredPerAmuAngstromSquared
ex:intval_caa004c_7	IR intensity mode 7 caa004c	gc:FloatValue	0.00413	gc:debyeSquaredPerAmuAngstromSquared
ex:intval_caa004c_8	IR intensity mode 8 caa004c	gc:FloatValue	0.00844	gc:debyeSquaredPerAmuAngstromSquared
ex:freqval_caa004d_1	Frequency mode 1 caa004d	gc:FloatValue	-124.84	gc:cm-1
ex:freqval_caa004d_2	Frequency mode 2 caa004d	gc:FloatValue	5.95	gc:cm-1
ex:freqval_caa004d_3	Frequency mode 3 caa004d	gc:FloatValue	1.24	gc:cm-1
ex:freqval_caa004d_4	Frequency mode 4 caa004d	gc:FloatValue	0.21	gc:cm-1
ex:freqval_caa004d_5	Frequency mode 5 caa004d	gc:FloatValue	22.02	gc:cm-1
ex:freqval_caa004d_6	Frequency mode 6 caa004d	gc:FloatValue	32.58	gc:cm-1
ex:freqval_caa004d_7	Frequency mode 7 caa004d	gc:FloatValue	38.56	gc:cm-1
ex:intval_caa004d_1	IR intensity mode 1 caa004d	gc:FloatValue	1.98543	gc:debyeSquaredPerAmuAngstromSquared
ex:intval_caa004d_2	IR intensity mode 2 caa004d	gc:FloatValue	0.00253	gc:debyeSquaredPerAmuAngstromSquared
ex:intval_caa004d_3	IR intensity mode 3 caa004d	gc:FloatValue	5e-05	gc:debyeSquaredPerAmuAngstromSquared
ex:intval_caa004d_4	IR intensity mode 4 caa004d	gc:FloatValue	0	gc:debyeSquaredPerAmuAngstromSquared
ex:intval_caa004d_5	IR intensity mode 5 caa004d	gc:FloatValue	0.03756	gc:debyeSquaredPerAmuAngstromSquared
ex:intval_caa004d_6	IR intensity mode 6 caa004d	gc:FloatValue	0.07745	gc:debyeSquaredPerAmuAngstromSquared
ex:intval_caa004d_7	IR intensity mode 7 caa004d	gc:FloatValue	0.15207	gc:debyeSquaredPerAmuAngstromSquared
ex:freqval_caa004e_1	Frequency mode 1 caa004e	gc:FloatValue	-62.1	gc:cm-1
ex:freqval_caa004e_2	Frequency mode 2 caa004e	gc:FloatValue	13.54	gc:cm-1
ex:freqval_caa004e_3	Frequency mode 3 caa004e	gc:FloatValue	0.24	gc:cm-1
ex:freqval_caa004e_4	Frequency mode 4 caa004e	gc:FloatValue	0.1	gc:cm-1
ex:freqval_caa004e_5	Frequency mode 5 caa004e	gc:FloatValue	33.01	gc:cm-1
ex:freqval_caa004e_6	Frequency mode 6 caa004e	gc:FloatValue	48.3	gc:cm-1
ex:freqval_caa004e_7	Frequency mode 7 caa004e	gc:FloatValue	49.33	gc:cm-1
ex:intval_caa004e_1	IR intensity mode 1 caa004e	gc:FloatValue	0.25696	gc:debyeSquaredPerAmuAngstromSquared
ex:intval_caa004e_2	IR intensity mode 2 caa004e	gc:FloatValue	0.09146	gc:debyeSquaredPerAmuAngstromSquared
ex:intval_caa004e_3	IR intensity mode 3 caa004e	gc:FloatValue	0	gc:debyeSquaredPerAmuAngstromSquared
ex:intval_caa004e_4	IR intensity mode 4 caa004e	gc:FloatValue	0	gc:debyeSquaredPerAmuAngstromSquared
ex:intval_caa004e_5	IR intensity mode 5 caa004e	gc:FloatValue	0.00325	gc:debyeSquaredPerAmuAngstromSquared
ex:intval_caa004e_6	IR intensity mode 6 caa004e	gc:FloatValue	0.05497	gc:debyeSquaredPerAmuAngstromSquared
ex:intval_caa004e_7	IR intensity mode 7 caa004e	gc:FloatValue	0.52321	gc:debyeSquaredPerAmuAngstromSquared
ex:freqval_caa004f_1	Frequency mode 1 caa004f	gc:FloatValue	-119.39	gc:cm-1
ex:freqval_caa004f_2	Frequency mode 2 caa004f	gc:FloatValue	33.89	gc:cm-1
ex:freqval_caa004f_3	Frequency mode 3 caa004f	gc:FloatValue	0.33	gc:cm-1
ex:freqval_caa004f_4	Frequency mode 4 caa004f	gc:FloatValue	0.11	gc:cm-1
ex:freqval_caa004f_5	Frequency mode 5 caa004f	gc:FloatValue	0.09	gc:cm-1
ex:freqval_caa004f_6	Frequency mode 6 caa004f	gc:FloatValue	37.19	gc:cm-1
ex:freqval_caa004f_7	Frequency mode 7 caa004f	gc:FloatValue	49.26	gc:cm-1
ex:intval_caa004f_1	IR intensity mode 1 caa004f	gc:FloatValue	1.11883	gc:debyeSquaredPerAmuAngstromSquared
ex:intval_caa004f_2	IR intensity mode 2 caa004f	gc:FloatValue	0.3896	gc:debyeSquaredPerAmuAngstromSquared
ex:intval_caa004f_3	IR intensity mode 3 caa004f	gc:FloatValue	0	gc:debyeSquaredPerAmuAngstromSquared
ex:intval_caa004f_4	IR intensity mode 4 caa004f	gc:FloatValue	0	gc:debyeSquaredPerAmuAngstromSquared
ex:intval_caa004f_5	IR intensity mode 5 caa004f	gc:FloatValue	0	gc:debyeSquaredPerAmuAngstromSquared
ex:intval_caa004f_6	IR intensity mode 6 caa004f	gc:FloatValue	0.08051	gc:debyeSquaredPerAmuAngstromSquared
ex:intval_caa004f_7	IR intensity mode 7 caa004f	gc:FloatValue	0.03306	gc:debyeSquaredPerAmuAngstromSquared
ex:freqval_caa004g_1	Frequency mode 1 caa004g	gc:FloatValue	11.75	gc:cm-1
ex:freqval_caa004g_2	Frequency mode 2 caa004g	gc:FloatValue	0.56	gc:cm-1
ex:freqval_caa004g_3	Frequency mode 3 caa004g	gc:FloatValue	0.2	gc:cm-1
ex:freqval_caa004g_4	Frequency mode 4 caa004g	gc:FloatValue	38.47	gc:cm-1
ex:freqval_caa004g_5	Frequency mode 5 caa004g	gc:FloatValue	54.05	gc:cm-1
ex:freqval_caa004g_6	Frequency mode 6 caa004g	gc:FloatValue	86.18	gc:cm-1
ex:intval_caa004g_1	IR intensity mode 1 caa004g	gc:FloatValue	0.00987	gc:debyeSquaredPerAmuAngstromSquared
ex:intval_caa004g_2	IR intensity mode 2 caa004g	gc:FloatValue	1e-05	gc:debyeSquaredPerAmuAngstromSquared
ex:intval_caa004g_3	IR intensity mode 3 caa004g	gc:FloatValue	0	gc:debyeSquaredPerAmuAngstromSquared
ex:intval_caa004g_4	IR intensity mode 4 caa004g	gc:FloatValue	0.02086	gc:debyeSquaredPerAmuAngstromSquared
ex:intval_caa004g_5	IR intensity mode 5 caa004g	gc:FloatValue	0.10443	gc:debyeSquaredPerAmuAngstromSquared
ex:intval_caa004g_6	IR intensity mode 6 caa004g	gc:FloatValue	0.48579	gc:debyeSquaredPerAmuAngstromSquared
ex:freqval_caa004h_1	Frequency mode 1 caa004h	gc:FloatValue	0.37	gc:cm-1
ex:freqval_caa004h_2	Frequency mode 2 caa004h	gc:FloatValue	0.22	gc:cm-1
ex:freqval_caa004h_3	Frequency mode 3 caa004h	gc:FloatValue	0.12	gc:cm-1
ex:freqval_caa004h_4	Frequency mode 4 caa004h	gc:FloatValue	25.99	gc:cm-1
ex:freqval_caa004h_5	Frequency mode 5 caa004h	gc:FloatValue	45.19	gc:cm-1
ex:freqval_caa004h_6	Frequency mode 6 caa004h	gc:FloatValue	73.54	gc:cm-1
ex:intval_caa004h_1	IR intensity mode 1 caa004h	gc:FloatValue	1e-05	gc:debyeSquaredPerAmuAngstromSquared
ex:intval_caa004h_2	IR intensity mode 2 caa004h	gc:FloatValue	0	gc:debyeSquaredPerAmuAngstromSquared
ex:intval_caa004h_3	IR intensity mode 3 caa004h	gc:FloatValue	0	gc:debyeSquaredPerAmuAngstromSquared
ex:intval_caa004h_4	IR intensity mode 4 caa004h	gc:FloatValue	0.01262	gc:debyeSquaredPerAmuAngstromSquared
ex:intval_caa004h_5	IR intensity mode 5 caa004h	gc:FloatValue	0.14757	gc:debyeSquaredPerAmuAngstromSquared
ex:intval_caa004h_6	IR intensity mode 6 caa004h	gc:FloatValue	0.12974	gc:debyeSquaredPerAmuAngstromSquared
ex:freqval_caa004j_1	Frequency mode 1 caa004j	gc:FloatValue	33.33	gc:cm-1
ex:freqval_caa004j_2	Frequency mode 2 caa004j	gc:FloatValue	0.18	gc:cm-1
ex:freqval_caa004j_3	Frequency mode 3 caa004j	gc:FloatValue	0.12	gc:cm-1
ex:freqval_caa004j_4	Frequency mode 4 caa004j	gc:FloatValue	0.08	gc:cm-1
ex:freqval_caa004j_5	Frequency mode 5 caa004j	gc:FloatValue	42.07	gc:cm-1
ex:freqval_caa004j_6	Frequency mode 6 caa004j	gc:FloatValue	66.2	gc:cm-1
ex:intval_caa004j_1	IR intensity mode 1 caa004j	gc:FloatValue	0.02236	gc:debyeSquaredPerAmuAngstromSquared
ex:intval_caa004j_2	IR intensity mode 2 caa004j	gc:FloatValue	0	gc:debyeSquaredPerAmuAngstromSquared
ex:intval_caa004j_3	IR intensity mode 3 caa004j	gc:FloatValue	0	gc:debyeSquaredPerAmuAngstromSquared
ex:intval_caa004j_4	IR intensity mode 4 caa004j	gc:FloatValue	0	gc:debyeSquaredPerAmuAngstromSquared
ex:intval_caa004j_5	IR intensity mode 5 caa004j	gc:FloatValue	0.11128	gc:debyeSquaredPerAmuAngstromSquared
ex:intval_caa004j_6	IR intensity mode 6 caa004j	gc:FloatValue	0.12443	gc:debyeSquaredPerAmuAngstromSquared
ex:freqval_caa004k_1	Frequency mode 1 caa004k	gc:FloatValue	47.01	gc:cm-1
ex:freqval_caa004k_2	Frequency mode 2 caa004k	gc:FloatValue	0.91	gc:cm-1
ex:freqval_caa004k_3	Frequency mode 3 caa004k	gc:FloatValue	0.24	gc:cm-1
ex:freqval_caa004k_4	Frequency mode 4 caa004k	gc:FloatValue	0.1	gc:cm-1
ex:freqval_caa004k_5	Frequency mode 5 caa004k	gc:FloatValue	5.79	gc:cm-1
ex:freqval_caa004k_6	Frequency mode 6 caa004k	gc:FloatValue	22.16	gc:cm-1
ex:intval_caa004k_1	IR intensity mode 1 caa004k	gc:FloatValue	0.15047	gc:debyeSquaredPerAmuAngstromSquared
ex:intval_caa004k_2	IR intensity mode 2 caa004k	gc:FloatValue	0.00295	gc:debyeSquaredPerAmuAngstromSquared
ex:intval_caa004k_3	IR intensity mode 3 caa004k	gc:FloatValue	2e-05	gc:debyeSquaredPerAmuAngstromSquared
ex:intval_caa004k_4	IR intensity mode 4 caa004k	gc:FloatValue	0	gc:debyeSquaredPerAmuAngstromSquared
ex:intval_caa004k_5	IR intensity mode 5 caa004k	gc:FloatValue	0.12647	gc:debyeSquaredPerAmuAngstromSquared
ex:intval_caa004k_6	IR intensity mode 6 caa004k	gc:FloatValue	0.11504	gc:debyeSquaredPerAmuAngstromSquared
ex:freqval_caa004l_1	Frequency mode 1 caa004l	gc:FloatValue	65.57	gc:cm-1
ex:freqval_caa004l_2	Frequency mode 2 caa004l	gc:FloatValue	29.09	gc:cm-1
ex:freqval_caa004l_3	Frequency mode 3 caa004l	gc:FloatValue	2.82	gc:cm-1
ex:freqval_caa004l_4	Frequency mode 4 caa004l	gc:FloatValue	0.19	gc:cm-1
ex:freqval_caa004l_5	Frequency mode 5 caa004l	gc:FloatValue	0.02	gc:cm-1
ex:freqval_caa004l_6	Frequency mode 6 caa004l	gc:FloatValue	28.73	gc:cm-1
ex:intval_caa004l_1	IR intensity mode 1 caa004l	gc:FloatValue	0.06434	gc:debyeSquaredPerAmuAngstromSquared
ex:intval_caa004l_2	IR intensity mode 2 caa004l	gc:FloatValue	0.06366	gc:debyeSquaredPerAmuAngstromSquared
ex:intval_caa004l_3	IR intensity mode 3 caa004l	gc:FloatValue	0.00194	gc:debyeSquaredPerAmuAngstromSquared
ex:intval_caa004l_4	IR intensity mode 4 caa004l	gc:FloatValue	0	gc:debyeSquaredPerAmuAngstromSquared
ex:intval_caa004l_5	IR intensity mode 5 caa004l	gc:FloatValue	0	gc:debyeSquaredPerAmuAngstromSquared
ex:intval_caa004l_6	IR intensity mode 6 caa004l	gc:FloatValue	0.1957	gc:debyeSquaredPerAmuAngstromSquared
ex:freqval_caa004m_1	Frequency mode 1 caa004m	gc:FloatValue	-791.09	gc:cm-1
ex:freqval_caa004m_2	Frequency mode 2 caa004m	gc:FloatValue	66.71	gc:cm-1
ex:freqval_caa004m_3	Frequency mode 3 caa004m	gc:FloatValue	24.93	gc:cm-1
ex:freqval_caa004m_4	Frequency mode 4 caa004m	gc:FloatValue	0.14	gc:cm-1
ex:freqval_caa004m_5	Frequency mode 5 caa004m	gc:FloatValue	0.05	gc:cm-1
ex:freqval_caa004m_6	Frequency mode 6 caa004m	gc:FloatValue	0.18	gc:cm-1
ex:freqval_caa004m_7	Frequency mode 7 caa004m	gc:FloatValue	38.65	gc:cm-1
ex:intval_caa004m_1	IR intensity mode 1 caa004m	gc:FloatValue	3.93194	gc:debyeSquaredPerAmuAngstromSquared
ex:intval_caa004m_2	IR intensity mode 2 caa004m	gc:FloatValue	0.12633	gc:debyeSquaredPerAmuAngstromSquared
ex:intval_caa004m_3	IR intensity mode 3 caa004m	gc:FloatValue	0.08887	gc:debyeSquaredPerAmuAngstromSquared
ex:intval_caa004m_4	IR intensity mode 4 caa004m	gc:FloatValue	0	gc:debyeSquaredPerAmuAngstromSquared
ex:intval_caa004m_5	IR intensity mode 5 caa004m	gc:FloatValue	0	gc:debyeSquaredPerAmuAngstromSquared
ex:intval_caa004m_6	IR intensity mode 6 caa004m	gc:FloatValue	0	gc:debyeSquaredPerAmuAngstromSquared
ex:intval_caa004m_7	IR intensity mode 7 caa004m	gc:FloatValue	0.19645	gc:debyeSquaredPerAmuAngstromSquared
ex:freqval_caa005a_1	Frequency mode 1 caa005a	gc:FloatValue	-1351.83	gc:cm-1
ex:freqval_caa005a_2	Frequency mode 2 caa005a	gc:FloatValue	44.58	gc:cm-1
ex:freqval_caa005a_3	Frequency mode 3 caa005a	gc:FloatValue	23.18	gc:cm-1
ex:freqval_caa005a_4	Frequency mode 4 caa005a	gc:FloatValue	0.14	gc:cm-1
ex:freqval_caa005a_5	Frequency mode 5 caa005a	gc:FloatValue	0.1	gc:cm-1
ex:freqval_caa005a_6	Frequency mode 6 caa005a	gc:FloatValue	0.07	gc:cm-1
ex:freqval_caa005a_7	Frequency mode 7 caa005a	gc:FloatValue	53.81	gc:cm-1
ex:intval_caa005a_1	IR intensity mode 1 caa005a	gc:FloatValue	14.00964	gc:debyeSquaredPerAmuAngstromSquared
ex:intval_caa005a_2	IR intensity mode 2 caa005a	gc:FloatValue	0.03842	gc:debyeSquaredPerAmuAngstromSquared
ex:intval_caa005a_3	IR intensity mode 3 caa005a	gc:FloatValue	0.07248	gc:debyeSquaredPerAmuAngstromSquared
ex:intval_caa005a_4	IR intensity mode 4 caa005a	gc:FloatValue	0	gc:debyeSquaredPerAmuAngstromSquared
ex:intval_caa005a_5	IR intensity mode 5 caa005a	gc:FloatValue	0	gc:debyeSquaredPerAmuAngstromSquared
ex:intval_caa005a_6	IR intensity mode 6 caa005a	gc:FloatValue	0	gc:debyeSquaredPerAmuAngstromSquared
ex:intval_caa005a_7	IR intensity mode 7 caa005a	gc:FloatValue	0.4386	gc:debyeSquaredPerAmuAngstromSquared
ex:freqval_caa005b_1	Frequency mode 1 caa005b	gc:FloatValue	-1351.84	gc:cm-1
ex:freqval_caa005b_2	Frequency mode 2 caa005b	gc:FloatValue	0	gc:cm-1
ex:freqval_caa005b_3	Frequency mode 3 caa005b	gc:FloatValue	0	gc:cm-1
ex:freqval_caa005b_4	Frequency mode 4 caa005b	gc:FloatValue	0	gc:cm-1
ex:freqval_caa005b_5	Frequency mode 5 caa005b	gc:FloatValue	0	gc:cm-1
ex:freqval_caa005b_6	Frequency mode 6 caa005b	gc:FloatValue	0	gc:cm-1
ex:freqval_caa005b_7	Frequency mode 7 caa005b	gc:FloatValue	0	gc:cm-1
ex:intval_caa005b_1	IR intensity mode 1 caa005b	gc:FloatValue	14.00748	gc:debyeSquaredPerAmuAngstromSquared
ex:intval_caa005b_2	IR intensity mode 2 caa005b	gc:FloatValue	0.00779	gc:debyeSquaredPerAmuAngstromSquared
ex:intval_caa005b_3	IR intensity mode 3 caa005b	gc:FloatValue	0.09959	gc:debyeSquaredPerAmuAngstromSquared
ex:intval_caa005b_4	IR intensity mode 4 caa005b	gc:FloatValue	0.02187	gc:debyeSquaredPerAmuAngstromSquared
ex:intval_caa005b_5	IR intensity mode 5 caa005b	gc:FloatValue	0.2843	gc:debyeSquaredPerAmuAngstromSquared
ex:intval_caa005b_6	IR intensity mode 6 caa005b	gc:FloatValue	0.16026	gc:debyeSquaredPerAmuAngstromSquared
ex:intval_caa005b_7	IR intensity mode 7 caa005b	gc:FloatValue	0.04476	gc:debyeSquaredPerAmuAngstromSquared
ex:freqval_caa005bIRCCML_last_1	Frequency mode 1 caa005bIRCCML_last	gc:FloatValue	0	gc:cm-1
ex:freqval_caa005bIRCCML_last_2	Frequency mode 2 caa005bIRCCML_last	gc:FloatValue	0	gc:cm-1
ex:freqval_caa005bIRCCML_last_3	Frequency mode 3 caa005bIRCCML_last	gc:FloatValue	0	gc:cm-1
ex:freqval_caa005bIRCCML_last_4	Frequency mode 4 caa005bIRCCML_last	gc:FloatValue	0	gc:cm-1
ex:freqval_caa005bIRCCML_last_5	Frequency mode 5 caa005bIRCCML_last	gc:FloatValue	0	gc:cm-1
ex:freqval_caa005bIRCCML_last_6	Frequency mode 6 caa005bIRCCML_last	gc:FloatValue	0	gc:cm-1
ex:intval_caa005bIRCCML_last_1	IR intensity mode 1 caa005bIRCCML_last	gc:FloatValue	0.02893	gc:debyeSquaredPerAmuAngstromSquared
ex:intval_caa005bIRCCML_last_2	IR intensity mode 2 caa005bIRCCML_last	gc:FloatValue	0.02371	gc:debyeSquaredPerAmuAngstromSquared
ex:intval_caa005bIRCCML_last_3	IR intensity mode 3 caa005bIRCCML_last	gc:FloatValue	0.06354	gc:debyeSquaredPerAmuAngstromSquared
ex:intval_caa005bIRCCML_last_4	IR intensity mode 4 caa005bIRCCML_last	gc:FloatValue	0.00632	gc:debyeSquaredPerAmuAngstromSquared
ex:intval_caa005bIRCCML_last_5	IR intensity mode 5 caa005bIRCCML_last	gc:FloatValue	0.01239	gc:debyeSquaredPerAmuAngstromSquared
ex:intval_caa005bIRCCML_last_6	IR intensity mode 6 caa005bIRCCML_last	gc:FloatValue	0.12867	gc:debyeSquaredPerAmuAngstromSquared
ex:freqval_caa005bIRCCML1st_1	Frequency mode 1 caa005bIRCCML1st	gc:FloatValue	0	gc:cm-1
ex:freqval_caa005bIRCCML1st_2	Frequency mode 2 caa005bIRCCML1st	gc:FloatValue	0	gc:cm-1
ex:freqval_caa005bIRCCML1st_3	Frequency mode 3 caa005bIRCCML1st	gc:FloatValue	0	gc:cm-1
ex:freqval_caa005bIRCCML1st_4	Frequency mode 4 caa005bIRCCML1st	gc:FloatValue	0	gc:cm-1
ex:freqval_caa005bIRCCML1st_5	Frequency mode 5 caa005bIRCCML1st	gc:FloatValue	0	gc:cm-1
ex:freqval_caa005bIRCCML1st_6	Frequency mode 6 caa005bIRCCML1st	gc:FloatValue	0	gc:cm-1
ex:intval_caa005bIRCCML1st_1	IR intensity mode 1 caa005bIRCCML1st	gc:FloatValue	0.008	gc:debyeSquaredPerAmuAngstromSquared
ex:intval_caa005bIRCCML1st_2	IR intensity mode 2 caa005bIRCCML1st	gc:FloatValue	0.0202	gc:debyeSquaredPerAmuAngstromSquared
ex:intval_caa005bIRCCML1st_3	IR intensity mode 3 caa005bIRCCML1st	gc:FloatValue	0.0144	gc:debyeSquaredPerAmuAngstromSquared
ex:intval_caa005bIRCCML1st_4	IR intensity mode 4 caa005bIRCCML1st	gc:FloatValue	0.02231	gc:debyeSquaredPerAmuAngstromSquared
ex:intval_caa005bIRCCML1st_5	IR intensity mode 5 caa005bIRCCML1st	gc:FloatValue	0.05745	gc:debyeSquaredPerAmuAngstromSquared
ex:intval_caa005bIRCCML1st_6	IR intensity mode 6 caa005bIRCCML1st	gc:FloatValue	0.01095	gc:debyeSquaredPerAmuAngstromSquared
ex:freqval_caa005bIRCCML1stdef2TZVPP_1	Frequency mode 1 caa005bIRCCML1stdef2TZVPP	gc:FloatValue	0	gc:cm-1
ex:freqval_caa005bIRCCML1stdef2TZVPP_2	Frequency mode 2 caa005bIRCCML1stdef2TZVPP	gc:FloatValue	0	gc:cm-1
ex:freqval_caa005bIRCCML1stdef2TZVPP_3	Frequency mode 3 caa005bIRCCML1stdef2TZVPP	gc:FloatValue	0	gc:cm-1
ex:freqval_caa005bIRCCML1stdef2TZVPP_4	Frequency mode 4 caa005bIRCCML1stdef2TZVPP	gc:FloatValue	0	gc:cm-1
ex:freqval_caa005bIRCCML1stdef2TZVPP_5	Frequency mode 5 caa005bIRCCML1stdef2TZVPP	gc:FloatValue	0	gc:cm-1
ex:freqval_caa005bIRCCML1stdef2TZVPP_6	Frequency mode 6 caa005bIRCCML1stdef2TZVPP	gc:FloatValue	0	gc:cm-1
ex:intval_caa005bIRCCML1stdef2TZVPP_1	IR intensity mode 1 caa005bIRCCML1stdef2TZVPP	gc:FloatValue	0.00948	gc:debyeSquaredPerAmuAngstromSquared
ex:intval_caa005bIRCCML1stdef2TZVPP_2	IR intensity mode 2 caa005bIRCCML1stdef2TZVPP	gc:FloatValue	0.00059	gc:debyeSquaredPerAmuAngstromSquared
ex:intval_caa005bIRCCML1stdef2TZVPP_3	IR intensity mode 3 caa005bIRCCML1stdef2TZVPP	gc:FloatValue	0.00931	gc:debyeSquaredPerAmuAngstromSquared
ex:intval_caa005bIRCCML1stdef2TZVPP_4	IR intensity mode 4 caa005bIRCCML1stdef2TZVPP	gc:FloatValue	0.03829	gc:debyeSquaredPerAmuAngstromSquared
ex:intval_caa005bIRCCML1stdef2TZVPP_5	IR intensity mode 5 caa005bIRCCML1stdef2TZVPP	gc:FloatValue	0.0323	gc:debyeSquaredPerAmuAngstromSquared
ex:intval_caa005bIRCCML1stdef2TZVPP_6	IR intensity mode 6 caa005bIRCCML1stdef2TZVPP	gc:FloatValue	0.00592	gc:debyeSquaredPerAmuAngstromSquared
ex:freqval_caa005bTSa_1	Frequency mode 1 caa005bTSa	gc:FloatValue	-1156.17	gc:cm-1
ex:freqval_caa005bTSa_2	Frequency mode 2 caa005bTSa	gc:FloatValue	0	gc:cm-1
ex:freqval_caa005bTSa_3	Frequency mode 3 caa005bTSa	gc:FloatValue	0	gc:cm-1
ex:freqval_caa005bTSa_4	Frequency mode 4 caa005bTSa	gc:FloatValue	0	gc:cm-1
ex:freqval_caa005bTSa_5	Frequency mode 5 caa005bTSa	gc:FloatValue	0	gc:cm-1
ex:freqval_caa005bTSa_6	Frequency mode 6 caa005bTSa	gc:FloatValue	0	gc:cm-1
ex:freqval_caa005bTSa_7	Frequency mode 7 caa005bTSa	gc:FloatValue	0	gc:cm-1
ex:intval_caa005bTSa_1	IR intensity mode 1 caa005bTSa	gc:FloatValue	20.84175	gc:debyeSquaredPerAmuAngstromSquared
ex:intval_caa005bTSa_2	IR intensity mode 2 caa005bTSa	gc:FloatValue	0.26068	gc:debyeSquaredPerAmuAngstromSquared
ex:intval_caa005bTSa_3	IR intensity mode 3 caa005bTSa	gc:FloatValue	0.04544	gc:debyeSquaredPerAmuAngstromSquared
ex:intval_caa005bTSa_4	IR intensity mode 4 caa005bTSa	gc:FloatValue	0.02514	gc:debyeSquaredPerAmuAngstromSquared
ex:intval_caa005bTSa_5	IR intensity mode 5 caa005bTSa	gc:FloatValue	0.05305	gc:debyeSquaredPerAmuAngstromSquared
ex:intval_caa005bTSa_6	IR intensity mode 6 caa005bTSa	gc:FloatValue	0.0926	gc:debyeSquaredPerAmuAngstromSquared
ex:intval_caa005bTSa_7	IR intensity mode 7 caa005bTSa	gc:FloatValue	0.06701	gc:debyeSquaredPerAmuAngstromSquared
ex:freqval_caa005bTSb-hess_1	Frequency mode 1 caa005bTSb-hess	gc:FloatValue	-1259.25	gc:cm-1
ex:freqval_caa005bTSb-hess_2	Frequency mode 2 caa005bTSb-hess	gc:FloatValue	0	gc:cm-1
ex:freqval_caa005bTSb-hess_3	Frequency mode 3 caa005bTSb-hess	gc:FloatValue	0	gc:cm-1
ex:freqval_caa005bTSb-hess_4	Frequency mode 4 caa005bTSb-hess	gc:FloatValue	0	gc:cm-1
ex:freqval_caa005bTSb-hess_5	Frequency mode 5 caa005bTSb-hess	gc:FloatValue	0	gc:cm-1
ex:freqval_caa005bTSb-hess_6	Frequency mode 6 caa005bTSb-hess	gc:FloatValue	0	gc:cm-1
ex:freqval_caa005bTSb-hess_7	Frequency mode 7 caa005bTSb-hess	gc:FloatValue	0	gc:cm-1
ex:freqval_caa005bTSb-hess_8	Frequency mode 8 caa005bTSb-hess	gc:FloatValue	0	gc:cm-1
ex:intval_caa005bTSb-hess_1	IR intensity mode 1 caa005bTSb-hess	gc:FloatValue	15.71907	gc:debyeSquaredPerAmuAngstromSquared
ex:intval_caa005bTSb-hess_2	IR intensity mode 2 caa005bTSb-hess	gc:FloatValue	0.08223	gc:debyeSquaredPerAmuAngstromSquared
ex:intval_caa005bTSb-hess_3	IR intensity mode 3 caa005bTSb-hess	gc:FloatValue	0.09234	gc:debyeSquaredPerAmuAngstromSquared
ex:intval_caa005bTSb-hess_4	IR intensity mode 4 caa005bTSb-hess	gc:FloatValue	0.47455	gc:debyeSquaredPerAmuAngstromSquared
ex:intval_caa005bTSb-hess_5	IR intensity mode 5 caa005bTSb-hess	gc:FloatValue	1.57282	gc:debyeSquaredPerAmuAngstromSquared
ex:intval_caa005bTSb-hess_6	IR intensity mode 6 caa005bTSb-hess	gc:FloatValue	4.86707	gc:debyeSquaredPerAmuAngstromSquared
ex:intval_caa005bTSb-hess_7	IR intensity mode 7 caa005bTSb-hess	gc:FloatValue	1.05895	gc:debyeSquaredPerAmuAngstromSquared
ex:intval_caa005bTSb-hess_8	IR intensity mode 8 caa005bTSb-hess	gc:FloatValue	0.02156	gc:debyeSquaredPerAmuAngstromSquared
ex:freqval_caa007b_1	Frequency mode 1 caa007b	gc:FloatValue	0	gc:cm-1
ex:freqval_caa007b_2	Frequency mode 2 caa007b	gc:FloatValue	0	gc:cm-1
ex:freqval_caa007b_3	Frequency mode 3 caa007b	gc:FloatValue	0	gc:cm-1
ex:freqval_caa007b_4	Frequency mode 4 caa007b	gc:FloatValue	0	gc:cm-1
ex:freqval_caa007b_5	Frequency mode 5 caa007b	gc:FloatValue	0	gc:cm-1
ex:freqval_caa007b_6	Frequency mode 6 caa007b	gc:FloatValue	0	gc:cm-1
ex:intval_caa007b_1	IR intensity mode 1 caa007b	gc:FloatValue	0.0687	gc:debyeSquaredPerAmuAngstromSquared
ex:intval_caa007b_2	IR intensity mode 2 caa007b	gc:FloatValue	0.0373	gc:debyeSquaredPerAmuAngstromSquared
ex:intval_caa007b_3	IR intensity mode 3 caa007b	gc:FloatValue	0.04814	gc:debyeSquaredPerAmuAngstromSquared
ex:intval_caa007b_4	IR intensity mode 4 caa007b	gc:FloatValue	0.03464	gc:debyeSquaredPerAmuAngstromSquared
ex:intval_caa007b_5	IR intensity mode 5 caa007b	gc:FloatValue	0.01863	gc:debyeSquaredPerAmuAngstromSquared
ex:intval_caa007b_6	IR intensity mode 6 caa007b	gc:FloatValue	0.02377	gc:debyeSquaredPerAmuAngstromSquared
ex:freqval_caa008-aldehyde-bare_1	Frequency mode 1 caa008-aldehyde-bare	gc:FloatValue	0	gc:cm-1
ex:freqval_caa008-aldehyde-bare_2	Frequency mode 2 caa008-aldehyde-bare	gc:FloatValue	0	gc:cm-1
ex:freqval_caa008-aldehyde-bare_3	Frequency mode 3 caa008-aldehyde-bare	gc:FloatValue	0	gc:cm-1
ex:freqval_caa008-aldehyde-bare_4	Frequency mode 4 caa008-aldehyde-bare	gc:FloatValue	0	gc:cm-1
ex:freqval_caa008-aldehyde-bare_5	Frequency mode 5 caa008-aldehyde-bare	gc:FloatValue	0	gc:cm-1
ex:freqval_caa008-aldehyde-bare_6	Frequency mode 6 caa008-aldehyde-bare	gc:FloatValue	0	gc:cm-1
ex:intval_caa008-aldehyde-bare_1	IR intensity mode 1 caa008-aldehyde-bare	gc:FloatValue	0.03629	gc:debyeSquaredPerAmuAngstromSquared
ex:intval_caa008-aldehyde-bare_2	IR intensity mode 2 caa008-aldehyde-bare	gc:FloatValue	0.00227	gc:debyeSquaredPerAmuAngstromSquared
ex:intval_caa008-aldehyde-bare_3	IR intensity mode 3 caa008-aldehyde-bare	gc:FloatValue	0.007	gc:debyeSquaredPerAmuAngstromSquared
ex:intval_caa008-aldehyde-bare_4	IR intensity mode 4 caa008-aldehyde-bare	gc:FloatValue	0.00016	gc:debyeSquaredPerAmuAngstromSquared
ex:intval_caa008-aldehyde-bare_5	IR intensity mode 5 caa008-aldehyde-bare	gc:FloatValue	0.00038	gc:debyeSquaredPerAmuAngstromSquared
ex:intval_caa008-aldehyde-bare_6	IR intensity mode 6 caa008-aldehyde-bare	gc:FloatValue	0.00328	gc:debyeSquaredPerAmuAngstromSquared
ex:freqval_caa008-hydrate-bare_1	Frequency mode 1 caa008-hydrate-bare	gc:FloatValue	0	gc:cm-1
ex:freqval_caa008-hydrate-bare_2	Frequency mode 2 caa008-hydrate-bare	gc:FloatValue	0	gc:cm-1
ex:freqval_caa008-hydrate-bare_3	Frequency mode 3 caa008-hydrate-bare	gc:FloatValue	0	gc:cm-1
ex:freqval_caa008-hydrate-bare_4	Frequency mode 4 caa008-hydrate-bare	gc:FloatValue	0	gc:cm-1
ex:freqval_caa008-hydrate-bare_5	Frequency mode 5 caa008-hydrate-bare	gc:FloatValue	0	gc:cm-1
ex:freqval_caa008-hydrate-bare_6	Frequency mode 6 caa008-hydrate-bare	gc:FloatValue	0	gc:cm-1
ex:intval_caa008-hydrate-bare_1	IR intensity mode 1 caa008-hydrate-bare	gc:FloatValue	0.00241	gc:debyeSquaredPerAmuAngstromSquared
ex:intval_caa008-hydrate-bare_2	IR intensity mode 2 caa008-hydrate-bare	gc:FloatValue	0.00902	gc:debyeSquaredPerAmuAngstromSquared
ex:intval_caa008-hydrate-bare_3	IR intensity mode 3 caa008-hydrate-bare	gc:FloatValue	0.01318	gc:debyeSquaredPerAmuAngstromSquared
ex:intval_caa008-hydrate-bare_4	IR intensity mode 4 caa008-hydrate-bare	gc:FloatValue	0.01313	gc:debyeSquaredPerAmuAngstromSquared
ex:intval_caa008-hydrate-bare_5	IR intensity mode 5 caa008-hydrate-bare	gc:FloatValue	0.0118	gc:debyeSquaredPerAmuAngstromSquared
ex:intval_caa008-hydrate-bare_6	IR intensity mode 6 caa008-hydrate-bare	gc:FloatValue	0.01615	gc:debyeSquaredPerAmuAngstromSquared
ex:freqval_caa008-water-bare_1	Frequency mode 1 caa008-water-bare	gc:FloatValue	0	gc:cm-1
ex:freqval_caa008-water-bare_2	Frequency mode 2 caa008-water-bare	gc:FloatValue	0	gc:cm-1
ex:freqval_caa008-water-bare_3	Frequency mode 3 caa008-water-bare	gc:FloatValue	0	gc:cm-1
ex:freqval_caa008-water-bare_4	Frequency mode 4 caa008-water-bare	gc:FloatValue	0	gc:cm-1
ex:freqval_caa008-water-bare_5	Frequency mode 5 caa008-water-bare	gc:FloatValue	0	gc:cm-1
ex:freqval_caa008-water-bare_6	Frequency mode 6 caa008-water-bare	gc:FloatValue	0	gc:cm-1
ex:intval_caa008-water-bare_1	IR intensity mode 1 caa008-water-bare	gc:FloatValue	3.35215	gc:debyeSquaredPerAmuAngstromSquared
ex:intval_caa008-water-bare_2	IR intensity mode 2 caa008-water-bare	gc:FloatValue	0.02899	gc:debyeSquaredPerAmuAngstromSquared
ex:intval_caa008-water-bare_3	IR intensity mode 3 caa008-water-bare	gc:FloatValue	1.283	gc:debyeSquaredPerAmuAngstromSquared
ex:intval_caa008-water-bare_4	IR intensity mode 4 caa008-water-bare	gc:FloatValue	0.59806	gc:debyeSquaredPerAmuAngstromSquared
ex:intval_caa008-water-bare_5	IR intensity mode 5 caa008-water-bare	gc:FloatValue	1.92186	gc:debyeSquaredPerAmuAngstromSquared
ex:intval_caa008-water-bare_6	IR intensity mode 6 caa008-water-bare	gc:FloatValue	4.59981	gc:debyeSquaredPerAmuAngstromSquared
ex:zpe_caa001a	Zero-point energy caa001a	gc:FloatValue	0.094038	gc:hartree
ex:enthalpy_caa001a	Enthalpy caa001a	gc:FloatValue	280.339	gc:kiloJoules
ex:entropy_caa001a	Entropy caa001a	gc:FloatValue	470.28	gc:joulePerMoleKelvin
ex:gibbs_caa001a	Gibbs free energy caa001a	gc:FloatValue	140.125	gc:kiloJoules
ex:zpe_caa001b	Zero-point energy caa001b	gc:FloatValue	0.094037	gc:hartree
ex:enthalpy_caa001b	Enthalpy caa001b	gc:FloatValue	280.338	gc:kiloJoules
ex:entropy_caa001b	Entropy caa001b	gc:FloatValue	470.323	gc:joulePerMoleKelvin
ex:gibbs_caa001b	Gibbs free energy caa001b	gc:FloatValue	140.112	gc:kiloJoules
ex:zpe_caa002	Zero-point energy caa002	gc:FloatValue	0.09806	gc:hartree
ex:enthalpy_caa002	Enthalpy caa002	gc:FloatValue	286.379	gc:kiloJoules
ex:entropy_caa002	Entropy caa002	gc:FloatValue	418.694	gc:joulePerMoleKelvin
ex:gibbs_caa002	Gibbs free energy caa002	gc:FloatValue	161.545	gc:kiloJoules
ex:zpe_caa002a	Zero-point energy caa002a	gc:FloatValue	0.096527	gc:hartree
ex:enthalpy_caa002a	Enthalpy caa002a	gc:FloatValue	281.317	gc:kiloJoules
ex:entropy_caa002a	Entropy caa002a	gc:FloatValue	412.115	gc:joulePerMoleKelvin
ex:gibbs_caa002a	Gibbs free energy caa002a	gc:FloatValue	158.444	gc:kiloJoules
ex:zpe_caa002b	Zero-point energy caa002b	gc:FloatValue	0.0981	gc:hartree
ex:enthalpy_caa002b	Enthalpy caa002b	gc:FloatValue	286.244	gc:kiloJoules
ex:entropy_caa002b	Entropy caa002b	gc:FloatValue	414.465	gc:joulePerMoleKelvin
ex:gibbs_caa002b	Gibbs free energy caa002b	gc:FloatValue	162.672	gc:kiloJoules
ex:zpe_caa003a	Zero-point energy caa003a	gc:FloatValue	0.095903	gc:hartree
ex:enthalpy_caa003a	Enthalpy caa003a	gc:FloatValue	279.028	gc:kiloJoules
ex:entropy_caa003a	Entropy caa003a	gc:FloatValue	405.861	gc:joulePerMoleKelvin
ex:gibbs_caa003a	Gibbs free energy caa003a	gc:FloatValue	158.02	gc:kiloJoules
ex:zpe_caa003b	Zero-point energy caa003b	gc:FloatValue	0.097285	gc:hartree
ex:enthalpy_caa003b	Enthalpy caa003b	gc:FloatValue	285.219	gc:kiloJoules
ex:entropy_caa003b	Entropy caa003b	gc:FloatValue	422.222	gc:joulePerMoleKelvin
ex:gibbs_caa003b	Gibbs free energy caa003b	gc:FloatValue	159.333	gc:kiloJoules
ex:zpe_caa003c	Zero-point energy caa003c	gc:FloatValue	0.098261	gc:hartree
ex:enthalpy_caa003c	Enthalpy caa003c	gc:FloatValue	286.485	gc:kiloJoules
ex:entropy_caa003c	Entropy caa003c	gc:FloatValue	410.686	gc:joulePerMoleKelvin
ex:gibbs_caa003c	Gibbs free energy caa003c	gc:FloatValue	164.039	gc:kiloJoules
ex:zpe_caa003d	Zero-point energy caa003d	gc:FloatValue	0.097335	gc:hartree
ex:enthalpy_caa003d	Enthalpy caa003d	gc:FloatValue	280.542	gc:kiloJoules
ex:entropy_caa003d	Entropy caa003d	gc:FloatValue	378.945	gc:joulePerMoleKelvin
ex:gibbs_caa003d	Gibbs free energy caa003d	gc:FloatValue	167.559	gc:kiloJoules
ex:zpe_caa004a	Zero-point energy caa004a	gc:FloatValue	0.099002	gc:hartree
ex:enthalpy_caa004a	Enthalpy caa004a	gc:FloatValue	288.904	gc:kiloJoules
ex:entropy_caa004a	Entropy caa004a	gc:FloatValue	436.927	gc:joulePerMoleKelvin
ex:gibbs_caa004a	Gibbs free energy caa004a	gc:FloatValue	158.634	gc:kiloJoules
ex:zpe_caa004b	Zero-point energy caa004b	gc:FloatValue	0.098395	gc:hartree
ex:enthalpy_caa004b	Enthalpy caa004b	gc:FloatValue	287.147	gc:kiloJoules
ex:entropy_caa004b	Entropy caa004b	gc:FloatValue	425.302	gc:joulePerMoleKelvin
ex:gibbs_caa004b	Gibbs free energy caa004b	gc:FloatValue	160.344	gc:kiloJoules
ex:zpe_caa004c	Zero-point energy caa004c	gc:FloatValue	0.096946	gc:hartree
ex:enthalpy_caa004c	Enthalpy caa004c	gc:FloatValue	280.548	gc:kiloJoules
ex:entropy_caa004c	Entropy caa004c	gc:FloatValue	402.135	gc:joulePerMoleKelvin
ex:gibbs_caa004c	Gibbs free energy caa004c	gc:FloatValue	160.651	gc:kiloJoules
ex:zpe_caa004d	Zero-point energy caa004d	gc:FloatValue	0.098159	gc:hartree
ex:enthalpy_caa004d	Enthalpy caa004d	gc:FloatValue	284.115	gc:kiloJoules
ex:entropy_caa004d	Entropy caa004d	gc:FloatValue	392.848	gc:joulePerMoleKelvin
ex:gibbs_caa004d	Gibbs free energy caa004d	gc:FloatValue	166.987	gc:kiloJoules
ex:zpe_caa004e	Zero-point energy caa004e	gc:FloatValue	0.099384	gc:hartree
ex:enthalpy_caa004e	Enthalpy caa004e	gc:FloatValue	285.457	gc:kiloJoules
ex:entropy_caa004e	Entropy caa004e	gc:FloatValue	378.764	gc:joulePerMoleKelvin
ex:gibbs_caa004e	Gibbs free energy caa004e	gc:FloatValue	172.529	gc:kiloJoules
ex:zpe_caa004f	Zero-point energy caa004f	gc:FloatValue	0.099257	gc:hartree
ex:enthalpy_caa004f	Enthalpy caa004f	gc:FloatValue	285.251	gc:kiloJoules
ex:entropy_caa004f	Entropy caa004f	gc:FloatValue	375.583	gc:joulePerMoleKelvin
ex:gibbs_caa004f	Gibbs free energy caa004f	gc:FloatValue	173.271	gc:kiloJoules
ex:zpe_caa004g	Zero-point energy caa004g	gc:FloatValue	0.102098	gc:hartree
ex:enthalpy_caa004g	Enthalpy caa004g	gc:FloatValue	291.908	gc:kiloJoules
ex:entropy_caa004g	Entropy caa004g	gc:FloatValue	368.917	gc:joulePerMoleKelvin
ex:gibbs_caa004g	Gibbs free energy caa004g	gc:FloatValue	181.915	gc:kiloJoules
ex:zpe_caa004h	Zero-point energy caa004h	gc:FloatValue	0.100366	gc:hartree
ex:enthalpy_caa004h	Enthalpy caa004h	gc:FloatValue	287.958	gc:kiloJoules
ex:entropy_caa004h	Entropy caa004h	gc:FloatValue	373.172	gc:joulePerMoleKelvin
ex:gibbs_caa004h	Gibbs free energy caa004h	gc:FloatValue	176.697	gc:kiloJoules
ex:zpe_caa004j	Zero-point energy caa004j	gc:FloatValue	0.099806	gc:hartree
ex:enthalpy_caa004j	Enthalpy caa004j	gc:FloatValue	285.857	gc:kiloJoules
ex:entropy_caa004j	Entropy caa004j	gc:FloatValue	368.921	gc:joulePerMoleKelvin
ex:gibbs_caa004j	Gibbs free energy caa004j	gc:FloatValue	175.864	gc:kiloJoules
ex:zpe_caa004k	Zero-point energy caa004k	gc:FloatValue	0.102779	gc:hartree
ex:enthalpy_caa004k	Enthalpy caa004k	gc:FloatValue	292.059	gc:kiloJoules
ex:entropy_caa004k	Entropy caa004k	gc:FloatValue	357.538	gc:joulePerMoleKelvin
ex:gibbs_caa004k	Gibbs free energy caa004k	gc:FloatValue	185.459	gc:kiloJoules
ex:zpe_caa004l	Zero-point energy caa004l	gc:FloatValue	0.102424	gc:hartree
ex:enthalpy_caa004l	Enthalpy caa004l	gc:FloatValue	289.995	gc:kiloJoules
ex:entropy_caa004l	Entropy caa004l	gc:FloatValue	351.826	gc:joulePerMoleKelvin
ex:gibbs_caa004l	Gibbs free energy caa004l	gc:FloatValue	185.098	gc:kiloJoules
ex:zpe_caa004m	Zero-point energy caa004m	gc:FloatValue	0.098499	gc:hartree
ex:enthalpy_caa004m	Enthalpy caa004m	gc:FloatValue	279.119	gc:kiloJoules
ex:entropy_caa004m	Entropy caa004m	gc:FloatValue	348.681	gc:joulePerMoleKelvin
ex:gibbs_caa004m	Gibbs free energy caa004m	gc:FloatValue	175.16	gc:kiloJoules
ex:zpe_caa005a	Zero-point energy caa005a	gc:FloatValue	0.096452	gc:hartree
ex:enthalpy_caa005a	Enthalpy caa005a	gc:FloatValue	274.017	gc:kiloJoules
ex:entropy_caa005a	Entropy caa005a	gc:FloatValue	351.173	gc:joulePerMoleKelvin
ex:gibbs_caa005a	Gibbs free energy caa005a	gc:FloatValue	169.315	gc:kiloJoules
ex:zpe_caa005b	Zero-point energy caa005b	gc:FloatValue	0.096442	gc:hartree
ex:enthalpy_caa005b	Enthalpy caa005b	gc:FloatValue	274.012	gc:kiloJoules
ex:entropy_caa005b	Entropy caa005b	gc:FloatValue	351.615	gc:joulePerMoleKelvin
ex:gibbs_caa005b	Gibbs free energy caa005b	gc:FloatValue	169.178	gc:kiloJoules
ex:zpe_caa005bIRCCML_last	Zero-point energy caa005bIRCCML_last	gc:FloatValue	0.102796	gc:hartree
ex:enthalpy_caa005bIRCCML_last	Enthalpy caa005bIRCCML_last	gc:FloatValue	294.463	gc:kiloJoules
ex:entropy_caa005bIRCCML_last	Entropy caa005bIRCCML_last	gc:FloatValue	375.506	gc:joulePerMoleKelvin
ex:gibbs_caa005bIRCCML_last	Gibbs free energy caa005bIRCCML_last	gc:FloatValue	182.505	gc:kiloJoules
ex:zpe_caa005bIRCCML1st	Zero-point energy caa005bIRCCML1st	gc:FloatValue	0.097209	gc:hartree
ex:enthalpy_caa005bIRCCML1st	Enthalpy caa005bIRCCML1st	gc:FloatValue	285.758	gc:kiloJoules
ex:entropy_caa005bIRCCML1st	Entropy caa005bIRCCML1st	gc:FloatValue	433.783	gc:joulePerMoleKelvin
ex:gibbs_caa005bIRCCML1st	Gibbs free energy caa005bIRCCML1st	gc:FloatValue	156.425	gc:kiloJoules
ex:zpe_caa005bIRCCML1stdef2TZVPP	Zero-point energy caa005bIRCCML1stdef2TZVPP	gc:FloatValue	1.350112	gc:hartree
ex:enthalpy_caa005bIRCCML1stdef2TZVPP	Enthalpy caa005bIRCCML1stdef2TZVPP	gc:FloatValue	3555.985	gc:kiloJoules
ex:entropy_caa005bIRCCML1stdef2TZVPP	Entropy caa005bIRCCML1stdef2TZVPP	gc:FloatValue	279.555	gc:joulePerMoleKelvin
ex:gibbs_caa005bIRCCML1stdef2TZVPP	Gibbs free energy caa005bIRCCML1stdef2TZVPP	gc:FloatValue	3472.636	gc:kiloJoules
ex:zpe_caa005bTSa	Zero-point energy caa005bTSa	gc:FloatValue	0.096648	gc:hartree
ex:enthalpy_caa005bTSa	Enthalpy caa005bTSa	gc:FloatValue	274.871	gc:kiloJoules
ex:entropy_caa005bTSa	Entropy caa005bTSa	gc:FloatValue	351.008	gc:joulePerMoleKelvin
ex:gibbs_caa005bTSa	Gibbs free energy caa005bTSa	gc:FloatValue	170.217	gc:kiloJoules
ex:zpe_caa005bTSb-hess	Zero-point energy caa005bTSb-hess	gc:FloatValue	0.093161	gc:hartree
ex:enthalpy_caa005bTSb-hess	Enthalpy caa005bTSb-hess	gc:FloatValue	265.379	gc:kiloJoules
ex:entropy_caa005bTSb-hess	Entropy caa005bTSb-hess	gc:FloatValue	346.183	gc:joulePerMoleKelvin
ex:gibbs_caa005bTSb-hess	Gibbs free energy caa005bTSb-hess	gc:FloatValue	162.165	gc:kiloJoules
ex:zpe_caa007b	Zero-point energy caa007b	gc:FloatValue	0.104032	gc:hartree
ex:enthalpy_caa007b	Enthalpy caa007b	gc:FloatValue	297.446	gc:kiloJoules
ex:entropy_caa007b	Entropy caa007b	gc:FloatValue	374.576	gc:joulePerMoleKelvin
ex:gibbs_caa007b	Gibbs free energy caa007b	gc:FloatValue	185.767	gc:kiloJoules
ex:zpe_caa008-aldehyde-bare	Zero-point energy caa008-aldehyde-bare	gc:FloatValue	0.047974	gc:hartree
ex:enthalpy_caa008-aldehyde-bare	Enthalpy caa008-aldehyde-bare	gc:FloatValue	140.415	gc:kiloJoules
ex:entropy_caa008-aldehyde-bare	Entropy caa008-aldehyde-bare	gc:FloatValue	294.257	gc:joulePerMoleKelvin
ex:gibbs_caa008-aldehyde-bare	Gibbs free energy caa008-aldehyde-bare	gc:FloatValue	52.682	gc:kiloJoules
ex:zpe_caa008-hydrate-bare	Zero-point energy caa008-hydrate-bare	gc:FloatValue	0.077633	gc:hartree
ex:enthalpy_caa008-hydrate-bare	Enthalpy caa008-hydrate-bare	gc:FloatValue	221.739	gc:kiloJoules
ex:entropy_caa008-hydrate-bare	Entropy caa008-hydrate-bare	gc:FloatValue	322.193	gc:joulePerMoleKelvin
ex:gibbs_caa008-hydrate-bare	Gibbs free energy caa008-hydrate-bare	gc:FloatValue	125.677	gc:kiloJoules
ex:zpe_caa008-water-bare	Zero-point energy caa008-water-bare	gc:FloatValue	0.02182	gc:hartree
ex:enthalpy_caa008-water-bare	Enthalpy caa008-water-bare	gc:FloatValue	67.209	gc:kiloJoules
ex:entropy_caa008-water-bare	Entropy caa008-water-bare	gc:FloatValue	194.445	gc:joulePerMoleKelvin
ex:gibbs_caa008-water-bare	Gibbs free energy caa008-water-bare	gc:FloatValue	9.236	gc:kiloJoules
ex:electronic_energy_caa005bIRCCML1stdef2TZVPP-uhfcheck-nomix	Electronic energy caa005bIRCCML1stdef2TZVPP-uhfcheck-nomix (U-WB97X-D)	gc:FloatValue	-491.6712564597	gc:hartree
ex:electronic_energy_caa005bIRCCML1stdef2TZVPP-uhfcheck	Electronic energy caa005bIRCCML1stdef2TZVPP-uhfcheck (U-WB97X-D)	gc:FloatValue	-491.6953591779	gc:hartree
ex:electronic_energy_caa005bTSb-pcseg2	Electronic energy caa005bTSb-pcseg2 (R-WB97X-D)	gc:FloatValue	-766.3338684973	gc:hartree
ex:electronic_energy_caa006a	Electronic energy caa006a (RHF)	gc:FloatValue	-763.9836618095	gc:hartree
ex:electronic_energy_caa006b	Electronic energy caa006b (RHF)	gc:FloatValue	-764.0506640991	gc:hartree
ex:electronic_energy_caa006c	Electronic energy caa006c (RHF)	gc:FloatValue	-764.0560828241	gc:hartree
ex:electronic_energy_caa007a-pcseg2	Electronic energy caa007a-pcseg2 (R-WB97X-D)	gc:FloatValue	-766.3719959497	gc:hartree
ex:electronic_energy_caa007b-pcseg2	Electronic energy caa007b-pcseg2 (R-WB97X-D)	gc:FloatValue	-766.3839610278	gc:hartree
ex:electronic_energy_caa008-aldehyde-pcseg2	Electronic energy caa008-aldehyde-pcseg2 (R-WB97X-D)	gc:FloatValue	-613.4620192589	gc:hartree
ex:electronic_energy_caa008-hydrate-pcseg2	Electronic energy caa008-hydrate-pcseg2 (R-WB97X-D)	gc:FloatValue	-689.9272336982	gc:hartree
ex:electronic_energy_caa008-water-pcseg2	Electronic energy caa008-water-pcseg2 (R-WB97X-D)	gc:FloatValue	-76.4502962836	gc:hartree
ex:pathenergy_caa005bTSaIRCf_1	Path energy 1 caa005bTSaIRCf	gc:FloatValue	-765.8776395	gc:hartree
ex:pathenergy_caa005bTSaIRCf_2	Path energy 2 caa005bTSaIRCf	gc:FloatValue	-765.8776348	gc:hartree
ex:pathenergy_caa005bTSaIRCf_3	Path energy 3 caa005bTSaIRCf	gc:FloatValue	-765.8776297	gc:hartree
ex:pathenergy_caa005bTSaIRCf_4	Path energy 4 caa005bTSaIRCf	gc:FloatValue	-765.8776245	gc:hartree
ex:pathenergy_caa005bTSaIRCf_5	Path energy 5 caa005bTSaIRCf	gc:FloatValue	-765.8776191	gc:hartree
ex:pathenergy_caa005bTSaIRCf_6	Path energy 6 caa005bTSaIRCf	gc:FloatValue	-765.8776126	gc:hartree
ex:pathenergy_caa005bTSaIRCf_7	Path energy 7 caa005bTSaIRCf	gc:FloatValue	-765.8776057	gc:hartree
ex:pathenergy_caa005bTSaIRCf_8	Path energy 8 caa005bTSaIRCf	gc:FloatValue	-765.8775996	gc:hartree
ex:pathenergy_caa005bTSaIRCf_9	Path energy 9 caa005bTSaIRCf	gc:FloatValue	-765.8775925	gc:hartree
ex:pathenergy_caa005bTSaIRCf_10	Path energy 10 caa005bTSaIRCf	gc:FloatValue	-765.8775853	gc:hartree
ex:pathenergy_caa005bTSaIRCf_11	Path energy 11 caa005bTSaIRCf	gc:FloatValue	-765.877578	gc:hartree
ex:pathenergy_caa005bTSaIRCf_12	Path energy 12 caa005bTSaIRCf	gc:FloatValue	-765.8775713	gc:hartree
ex:pathenergy_caa005bTSaIRCf_13	Path energy 13 caa005bTSaIRCf	gc:FloatValue	-765.8775642	gc:hartree
ex:pathenergy_caa005bTSaIRCf_14	Path energy 14 caa005bTSaIRCf	gc:FloatValue	-765.8775564	gc:hartree
ex:pathenergy_caa005bTSaIRCf_15	Path energy 15 caa005bTSaIRCf	gc:FloatValue	-765.8775481	gc:hartree
ex:pathenergy_caa005bTSaIRCf_16	Path energy 16 caa005bTSaIRCf	gc:FloatValue	-765.8775407	gc:hartree
ex:pathenergy_caa005bTSaIRCf_17	Path energy 17 caa005bTSaIRCf	gc:FloatValue	-765.8775341	gc:hartree
ex:pathenergy_caa005bTSaIRCf_18	Path energy 18 caa005bTSaIRCf	gc:FloatValue	-765.8775277	gc:hartree
ex:pathenergy_caa005bTSaIRCf_19	Path energy 19 caa005bTSaIRCf	gc:FloatValue	-765.8775209	gc:hartree
ex:pathenergy_caa005bTSaIRCf_20	Path energy 20 caa005bTSaIRCf	gc:FloatValue	-765.8775144	gc:hartree
ex:pathenergy_caa005bTSaIRCf_21	Path energy 21 caa005bTSaIRCf	gc:FloatValue	-765.8775082	gc:hartree
ex:pathenergy_caa005bTSaIRCf_22	Path energy 22 caa005bTSaIRCf	gc:FloatValue	-765.8775014	gc:hartree
ex:pathenergy_caa005bTSaIRCf_23	Path energy 23 caa005bTSaIRCf	gc:FloatValue	-765.8774937	gc:hartree
ex:pathenergy_caa005bTSaIRCf_24	Path energy 24 caa005bTSaIRCf	gc:FloatValue	-765.877487	gc:hartree
ex:pathenergy_caa005bTSaIRCf_25	Path energy 25 caa005bTSaIRCf	gc:FloatValue	-765.8774797	gc:hartree
ex:pathenergy_caa005bTSaIRCf_26	Path energy 26 caa005bTSaIRCf	gc:FloatValue	-765.8774745	gc:hartree
ex:pathenergy_caa005bTSaIRCf_27	Path energy 27 caa005bTSaIRCf	gc:FloatValue	-765.8774689	gc:hartree
ex:pathenergy_caa005bTSaIRCf_28	Path energy 28 caa005bTSaIRCf	gc:FloatValue	-765.8774639	gc:hartree
ex:pathenergy_caa005bTSaIRCf_29	Path energy 29 caa005bTSaIRCf	gc:FloatValue	-765.8774589	gc:hartree
ex:pathenergy_caa005bTSaIRCf_30	Path energy 30 caa005bTSaIRCf	gc:FloatValue	-765.8774531	gc:hartree
ex:pathenergy_caa005bTSaIRCf_31	Path energy 31 caa005bTSaIRCf	gc:FloatValue	-765.8774462	gc:hartree
ex:pathenergy_caa005bTSaIRCf_32	Path energy 32 caa005bTSaIRCf	gc:FloatValue	-765.8774393	gc:hartree
ex:pathenergy_caa005bTSaIRCf_33	Path energy 33 caa005bTSaIRCf	gc:FloatValue	-765.8774317	gc:hartree
ex:pathenergy_caa005bTSaIRCf_34	Path energy 34 caa005bTSaIRCf	gc:FloatValue	-765.8774247	gc:hartree
ex:pathenergy_caa005bTSaIRCf_35	Path energy 35 caa005bTSaIRCf	gc:FloatValue	-765.8774156	gc:hartree
ex:pathenergy_caa005bTSaIRCf_36	Path energy 36 caa005bTSaIRCf	gc:FloatValue	-765.8774065	gc:hartree
ex:pathenergy_caa005bTSaIRCf_37	Path energy 37 caa005bTSaIRCf	gc:FloatValue	-765.8773972	gc:hartree
ex:pathenergy_caa005bTSaIRCf_38	Path energy 38 caa005bTSaIRCf	gc:FloatValue	-765.8773867	gc:hartree
ex:pathenergy_caa005bTSaIRCf_39	Path energy 39 caa005bTSaIRCf	gc:FloatValue	-765.8773761	gc:hartree
ex:pathenergy_caa005bTSaIRCf_40	Path energy 40 caa005bTSaIRCf	gc:FloatValue	-765.8773665	gc:hartree
ex:pathenergy_caa005bTSaIRCf_41	Path energy 41 caa005bTSaIRCf	gc:FloatValue	-765.8773581	gc:hartree
ex:pathenergy_caa005bTSaIRCf_42	Path energy 42 caa005bTSaIRCf	gc:FloatValue	-765.8773497	gc:hartree
ex:pathenergy_caa005bTSaIRCf_43	Path energy 43 caa005bTSaIRCf	gc:FloatValue	-765.8773404	gc:hartree
ex:pathenergy_caa005bTSaIRCf_44	Path energy 44 caa005bTSaIRCf	gc:FloatValue	-765.8773311	gc:hartree
ex:pathenergy_caa005bTSaIRCf_45	Path energy 45 caa005bTSaIRCf	gc:FloatValue	-765.8773218	gc:hartree
ex:pathenergy_caa005bTSaIRCf_46	Path energy 46 caa005bTSaIRCf	gc:FloatValue	-765.8773141	gc:hartree
ex:pathenergy_caa005bTSaIRCf_47	Path energy 47 caa005bTSaIRCf	gc:FloatValue	-765.8773066	gc:hartree
ex:pathenergy_caa005bTSaIRCf_48	Path energy 48 caa005bTSaIRCf	gc:FloatValue	-765.8773004	gc:hartree
ex:pathenergy_caa005bTSaIRCf_49	Path energy 49 caa005bTSaIRCf	gc:FloatValue	-765.8772937	gc:hartree
ex:pathenergy_caa005bTSaIRCf_50	Path energy 50 caa005bTSaIRCf	gc:FloatValue	-765.877287	gc:hartree
ex:pathenergy_caa005bTSaIRCf_51	Path energy 51 caa005bTSaIRCf	gc:FloatValue	-765.8772799	gc:hartree
ex:pathenergy_caa005bTSaIRCf_52	Path energy 52 caa005bTSaIRCf	gc:FloatValue	-765.8772729	gc:hartree
ex:pathenergy_caa005bTSaIRCf_53	Path energy 53 caa005bTSaIRCf	gc:FloatValue	-765.8772659	gc:hartree
ex:pathenergy_caa005bTSaIRCf_54	Path energy 54 caa005bTSaIRCf	gc:FloatValue	-765.8772587	gc:hartree
ex:pathenergy_caa005bTSaIRCf_55	Path energy 55 caa005bTSaIRCf	gc:FloatValue	-765.8772524	gc:hartree
ex:pathenergy_caa005bTSaIRCf_56	Path energy 56 caa005bTSaIRCf	gc:FloatValue	-765.877247	gc:hartree
ex:pathenergy_caa005bTSaIRCf_57	Path energy 57 caa005bTSaIRCf	gc:FloatValue	-765.8772412	gc:hartree
ex:pathenergy_caa005bTSaIRCf_58	Path energy 58 caa005bTSaIRCf	gc:FloatValue	-765.8772356	gc:hartree
ex:pathenergy_caa005bTSaIRCf_59	Path energy 59 caa005bTSaIRCf	gc:FloatValue	-765.8772301	gc:hartree
ex:pathenergy_caa005bTSaIRCf_60	Path energy 60 caa005bTSaIRCf	gc:FloatValue	-765.8772243	gc:hartree
ex:pathenergy_caa005bTSaIRCf_61	Path energy 61 caa005bTSaIRCf	gc:FloatValue	-765.8772173	gc:hartree
ex:pathenergy_caa005bTSaIRCf_62	Path energy 62 caa005bTSaIRCf	gc:FloatValue	-765.8772106	gc:hartree
ex:pathenergy_caa005bTSaIRCf_63	Path energy 63 caa005bTSaIRCf	gc:FloatValue	-765.8772035	gc:hartree
ex:pathenergy_caa005bTSaIRCf_64	Path energy 64 caa005bTSaIRCf	gc:FloatValue	-765.8771965	gc:hartree
ex:pathenergy_caa005bTSaIRCf_65	Path energy 65 caa005bTSaIRCf	gc:FloatValue	-765.8771889	gc:hartree
ex:pathenergy_caa005bTSaIRCf_66	Path energy 66 caa005bTSaIRCf	gc:FloatValue	-765.8771806	gc:hartree
ex:pathenergy_caa005bTSaIRCf_67	Path energy 67 caa005bTSaIRCf	gc:FloatValue	-765.8771733	gc:hartree
ex:pathenergy_caa005bTSaIRCf_68	Path energy 68 caa005bTSaIRCf	gc:FloatValue	-765.8771656	gc:hartree
ex:pathenergy_caa005bTSaIRCf_69	Path energy 69 caa005bTSaIRCf	gc:FloatValue	-765.8771572	gc:hartree
ex:pathenergy_caa005bTSaIRCf_70	Path energy 70 caa005bTSaIRCf	gc:FloatValue	-765.8771484	gc:hartree
ex:pathenergy_caa005bTSaIRCf_71	Path energy 71 caa005bTSaIRCf	gc:FloatValue	-765.8771388	gc:hartree
ex:pathenergy_caa005bTSaIRCf_72	Path energy 72 caa005bTSaIRCf	gc:FloatValue	-765.8771281	gc:hartree
ex:pathenergy_caa005bTSaIRCf_73	Path energy 73 caa005bTSaIRCf	gc:FloatValue	-765.877118	gc:hartree
ex:pathenergy_caa005bTSaIRCf_74	Path energy 74 caa005bTSaIRCf	gc:FloatValue	-765.8771083	gc:hartree
ex:pathenergy_caa005bTSaIRCf_75	Path energy 75 caa005bTSaIRCf	gc:FloatValue	-765.8770978	gc:hartree
ex:pathenergy_caa005bTSaIRCf_76	Path energy 76 caa005bTSaIRCf	gc:FloatValue	-765.8770879	gc:hartree
ex:pathenergy_caa005bTSaIRCf_77	Path energy 77 caa005bTSaIRCf	gc:FloatValue	-765.8770777	gc:hartree
ex:pathenergy_caa005bTSaIRCf_78	Path energy 78 caa005bTSaIRCf	gc:FloatValue	-765.8770673	gc:hartree
ex:pathenergy_caa005bTSaIRCf_79	Path energy 79 caa005bTSaIRCf	gc:FloatValue	-765.8770578	gc:hartree
ex:pathenergy_caa005bTSaIRCf_80	Path energy 80 caa005bTSaIRCf	gc:FloatValue	-765.8770494	gc:hartree
ex:pathenergy_caa005bTSaIRCf_81	Path energy 81 caa005bTSaIRCf	gc:FloatValue	-765.8770421	gc:hartree
ex:pathenergy_caa005bTSaIRCf_82	Path energy 82 caa005bTSaIRCf	gc:FloatValue	-765.8770356	gc:hartree
ex:pathenergy_caa005bTSaIRCf_83	Path energy 83 caa005bTSaIRCf	gc:FloatValue	-765.8770307	gc:hartree
ex:pathenergy_caa005bTSaIRCf_84	Path energy 84 caa005bTSaIRCf	gc:FloatValue	-765.8770264	gc:hartree
ex:pathenergy_caa005bTSaIRCf_85	Path energy 85 caa005bTSaIRCf	gc:FloatValue	-765.8770219	gc:hartree
ex:pathenergy_caa005bTSaIRCf_86	Path energy 86 caa005bTSaIRCf	gc:FloatValue	-765.8770169	gc:hartree
ex:pathenergy_caa005bTSaIRCf_87	Path energy 87 caa005bTSaIRCf	gc:FloatValue	-765.8770116	gc:hartree
ex:pathenergy_caa005bTSaIRCf_88	Path energy 88 caa005bTSaIRCf	gc:FloatValue	-765.8770051	gc:hartree
ex:pathenergy_caa005bTSaIRCf_89	Path energy 89 caa005bTSaIRCf	gc:FloatValue	-765.876998	gc:hartree
ex:pathenergy_caa005bTSaIRCf_90	Path energy 90 caa005bTSaIRCf	gc:FloatValue	-765.8769906	gc:hartree
ex:pathenergy_caa005bTSaIRCf_91	Path energy 91 caa005bTSaIRCf	gc:FloatValue	-765.8769836	gc:hartree
ex:pathenergy_caa005bTSaIRCf_92	Path energy 92 caa005bTSaIRCf	gc:FloatValue	-765.876977	gc:hartree
ex:pathenergy_caa005bTSaIRCf_93	Path energy 93 caa005bTSaIRCf	gc:FloatValue	-765.8769702	gc:hartree
ex:pathenergy_caa005bTSaIRCf_94	Path energy 94 caa005bTSaIRCf	gc:FloatValue	-765.8769626	gc:hartree
ex:pathenergy_caa005bTSaIRCf_95	Path energy 95 caa005bTSaIRCf	gc:FloatValue	-765.876955	gc:hartree
ex:pathenergy_caa005bTSaIRCf_96	Path energy 96 caa005bTSaIRCf	gc:FloatValue	-765.8769477	gc:hartree
ex:pathenergy_caa005bTSaIRCf_97	Path energy 97 caa005bTSaIRCf	gc:FloatValue	-765.8769395	gc:hartree
ex:pathenergy_caa005bTSaIRCf_98	Path energy 98 caa005bTSaIRCf	gc:FloatValue	-765.8769308	gc:hartree
ex:pathenergy_caa005bTSaIRCf_99	Path energy 99 caa005bTSaIRCf	gc:FloatValue	-765.8769213	gc:hartree
ex:pathenergy_caa005bTSaIRCf_100	Path energy 100 caa005bTSaIRCf	gc:FloatValue	-765.8769106	gc:hartree
ex:pathenergy_caa005bTSaIRCf_101	Path energy 101 caa005bTSaIRCf	gc:FloatValue	-765.8768979	gc:hartree
ex:pathenergy_caa005bTSaIRCf_102	Path energy 102 caa005bTSaIRCf	gc:FloatValue	-765.8768838	gc:hartree
ex:pathenergy_caa005bTSaIRCf_103	Path energy 103 caa005bTSaIRCf	gc:FloatValue	-765.8768688	gc:hartree
ex:pathenergy_caa005bTSaIRCf_104	Path energy 104 caa005bTSaIRCf	gc:FloatValue	-765.8768549	gc:hartree
ex:pathenergy_caa005bTSaIRCf_105	Path energy 105 caa005bTSaIRCf	gc:FloatValue	-765.876841	gc:hartree
ex:pathenergy_caa005bTSaIRCf_106	Path energy 106 caa005bTSaIRCf	gc:FloatValue	-765.8768278	gc:hartree
ex:pathenergy_caa005bTSaIRCf_107	Path energy 107 caa005bTSaIRCf	gc:FloatValue	-765.8768162	gc:hartree
ex:pathenergy_caa005bTSaIRCf_108	Path energy 108 caa005bTSaIRCf	gc:FloatValue	-765.8768049	gc:hartree
ex:pathenergy_caa005bTSaIRCf_109	Path energy 109 caa005bTSaIRCf	gc:FloatValue	-765.8767938	gc:hartree
ex:pathenergy_caa005bTSaIRCf_110	Path energy 110 caa005bTSaIRCf	gc:FloatValue	-765.8767849	gc:hartree
ex:pathenergy_caa005bTSaIRCf_111	Path energy 111 caa005bTSaIRCf	gc:FloatValue	-765.876777	gc:hartree
ex:pathenergy_caa005bTSaIRCf_112	Path energy 112 caa005bTSaIRCf	gc:FloatValue	-765.8767697	gc:hartree
ex:pathenergy_caa005bTSaIRCf_113	Path energy 113 caa005bTSaIRCf	gc:FloatValue	-765.8767629	gc:hartree
ex:pathenergy_caa005bTSaIRCf_114	Path energy 114 caa005bTSaIRCf	gc:FloatValue	-765.8767558	gc:hartree
ex:pathenergy_caa005bTSaIRCf_115	Path energy 115 caa005bTSaIRCf	gc:FloatValue	-765.8767486	gc:hartree
ex:pathenergy_caa005bTSaIRCf_116	Path energy 116 caa005bTSaIRCf	gc:FloatValue	-765.8767415	gc:hartree
ex:pathenergy_caa005bTSaIRCf_117	Path energy 117 caa005bTSaIRCf	gc:FloatValue	-765.8767352	gc:hartree
ex:pathenergy_caa005bTSaIRCf_118	Path energy 118 caa005bTSaIRCf	gc:FloatValue	-765.8767286	gc:hartree
ex:pathenergy_caa005bTSaIRCf_119	Path energy 119 caa005bTSaIRCf	gc:FloatValue	-765.8767218	gc:hartree
ex:pathenergy_caa005bTSaIRCf_120	Path energy 120 caa005bTSaIRCf	gc:FloatValue	-765.8767137	gc:hartree
ex:pathenergy_caa005bTSaIRCf_121	Path energy 121 caa005bTSaIRCf	gc:FloatValue	-765.8767052	gc:hartree
ex:pathenergy_caa005bTSaIRCf_122	Path energy 122 caa005bTSaIRCf	gc:FloatValue	-765.8766955	gc:hartree
ex:pathenergy_caa005bTSaIRCf_123	Path energy 123 caa005bTSaIRCf	gc:FloatValue	-765.8766846	gc:hartree
ex:pathenergy_caa005bTSaIRCf_124	Path energy 124 caa005bTSaIRCf	gc:FloatValue	-765.8766711	gc:hartree
ex:pathenergy_caa005bTSaIRCf_125	Path energy 125 caa005bTSaIRCf	gc:FloatValue	-765.8766556	gc:hartree
ex:pathenergy_caa005bTSaIRCf_126	Path energy 126 caa005bTSaIRCf	gc:FloatValue	-765.8766387	gc:hartree
ex:pathenergy_caa005bTSaIRCf_127	Path energy 127 caa005bTSaIRCf	gc:FloatValue	-765.8766196	gc:hartree
ex:pathenergy_caa005bTSaIRCf_128	Path energy 128 caa005bTSaIRCf	gc:FloatValue	-765.8765979	gc:hartree
ex:pathenergy_caa005bTSaIRCf_129	Path energy 129 caa005bTSaIRCf	gc:FloatValue	-765.8765736	gc:hartree
ex:pathenergy_caa005bTSaIRCf_130	Path energy 130 caa005bTSaIRCf	gc:FloatValue	-765.8765464	gc:hartree
ex:pathenergy_caa005bTSaIRCf_131	Path energy 131 caa005bTSaIRCf	gc:FloatValue	-765.8765156	gc:hartree
ex:pathenergy_caa005bTSaIRCf_132	Path energy 132 caa005bTSaIRCf	gc:FloatValue	-765.8764809	gc:hartree
ex:pathenergy_caa005bTSaIRCf_133	Path energy 133 caa005bTSaIRCf	gc:FloatValue	-765.8764421	gc:hartree
ex:pathenergy_caa005bTSaIRCf_134	Path energy 134 caa005bTSaIRCf	gc:FloatValue	-765.8763997	gc:hartree
ex:pathenergy_caa005bTSaIRCf_135	Path energy 135 caa005bTSaIRCf	gc:FloatValue	-765.8763536	gc:hartree
ex:pathenergy_caa005bTSaIRCf_136	Path energy 136 caa005bTSaIRCf	gc:FloatValue	-765.876303	gc:hartree
ex:pathenergy_caa005bTSaIRCf_137	Path energy 137 caa005bTSaIRCf	gc:FloatValue	-765.8762469	gc:hartree
ex:pathenergy_caa005bTSaIRCf_138	Path energy 138 caa005bTSaIRCf	gc:FloatValue	-765.8761854	gc:hartree
ex:pathenergy_caa005bTSaIRCf_139	Path energy 139 caa005bTSaIRCf	gc:FloatValue	-765.876119	gc:hartree
ex:pathenergy_caa005bTSaIRCf_140	Path energy 140 caa005bTSaIRCf	gc:FloatValue	-765.8760482	gc:hartree
ex:pathenergy_caa005bTSaIRCf_141	Path energy 141 caa005bTSaIRCf	gc:FloatValue	-765.875973	gc:hartree
ex:pathenergy_caa005bTSaIRCf_142	Path energy 142 caa005bTSaIRCf	gc:FloatValue	-765.8758898	gc:hartree
ex:pathenergy_caa005bTSaIRCf_143	Path energy 143 caa005bTSaIRCf	gc:FloatValue	-765.8757982	gc:hartree
ex:pathenergy_caa005bTSaIRCf_144	Path energy 144 caa005bTSaIRCf	gc:FloatValue	-765.8756968	gc:hartree
ex:pathenergy_caa005bTSaIRCf_145	Path energy 145 caa005bTSaIRCf	gc:FloatValue	-765.8755846	gc:hartree
ex:pathenergy_caa005bTSaIRCf_146	Path energy 146 caa005bTSaIRCf	gc:FloatValue	-765.8754607	gc:hartree
ex:pathenergy_caa005bTSaIRCf_147	Path energy 147 caa005bTSaIRCf	gc:FloatValue	-765.8753251	gc:hartree
ex:pathenergy_caa005bTSaIRCf_148	Path energy 148 caa005bTSaIRCf	gc:FloatValue	-765.8751784	gc:hartree
ex:pathenergy_caa005bTSaIRCf_149	Path energy 149 caa005bTSaIRCf	gc:FloatValue	-765.8750219	gc:hartree
ex:pathenergy_caa005bTSaIRCf_150	Path energy 150 caa005bTSaIRCf	gc:FloatValue	-765.8748563	gc:hartree
ex:pathenergy_caa005bTSaIRCf_151	Path energy 151 caa005bTSaIRCf	gc:FloatValue	-765.8746811	gc:hartree
ex:pathenergy_caa005bTSaIRCf_152	Path energy 152 caa005bTSaIRCf	gc:FloatValue	-765.8744954	gc:hartree
ex:pathenergy_caa005bTSaIRCf_153	Path energy 153 caa005bTSaIRCf	gc:FloatValue	-765.8742989	gc:hartree
ex:pathenergy_caa005bTSaIRCf_154	Path energy 154 caa005bTSaIRCf	gc:FloatValue	-765.8740923	gc:hartree
ex:pathenergy_caa005bTSaIRCf_155	Path energy 155 caa005bTSaIRCf	gc:FloatValue	-765.8738763	gc:hartree
ex:pathenergy_caa005bTSaIRCf_156	Path energy 156 caa005bTSaIRCf	gc:FloatValue	-765.8736502	gc:hartree
ex:pathenergy_caa005bTSaIRCf_157	Path energy 157 caa005bTSaIRCf	gc:FloatValue	-765.8734126	gc:hartree
ex:pathenergy_caa005bTSaIRCf_158	Path energy 158 caa005bTSaIRCf	gc:FloatValue	-765.8731615	gc:hartree
ex:pathenergy_caa005bTSaIRCf_159	Path energy 159 caa005bTSaIRCf	gc:FloatValue	-765.8728955	gc:hartree
ex:pathenergy_caa005bTSaIRCf_160	Path energy 160 caa005bTSaIRCf	gc:FloatValue	-765.8726143	gc:hartree
ex:pathenergy_caa005bTSaIRCf_161	Path energy 161 caa005bTSaIRCf	gc:FloatValue	-765.8723182	gc:hartree
ex:pathenergy_caa005bTSaIRCf_162	Path energy 162 caa005bTSaIRCf	gc:FloatValue	-765.872008	gc:hartree
ex:pathenergy_caa005bTSaIRCf_163	Path energy 163 caa005bTSaIRCf	gc:FloatValue	-765.8716839	gc:hartree
ex:pathenergy_caa005bTSaIRCf_164	Path energy 164 caa005bTSaIRCf	gc:FloatValue	-765.8713454	gc:hartree
ex:pathenergy_caa005bTSaIRCf_165	Path energy 165 caa005bTSaIRCf	gc:FloatValue	-765.8709914	gc:hartree
ex:pathenergy_caa005bTSaIRCf_166	Path energy 166 caa005bTSaIRCf	gc:FloatValue	-765.8706217	gc:hartree
ex:pathenergy_caa005bTSaIRCf_167	Path energy 167 caa005bTSaIRCf	gc:FloatValue	-765.8702367	gc:hartree
ex:pathenergy_caa005bTSaIRCf_168	Path energy 168 caa005bTSaIRCf	gc:FloatValue	-765.8698378	gc:hartree
ex:pathenergy_caa005bTSaIRCf_169	Path energy 169 caa005bTSaIRCf	gc:FloatValue	-765.8694261	gc:hartree
ex:pathenergy_caa005bTSaIRCf_170	Path energy 170 caa005bTSaIRCf	gc:FloatValue	-765.8690052	gc:hartree
ex:pathenergy_caa005bTSaIRCf_171	Path energy 171 caa005bTSaIRCf	gc:FloatValue	-765.868569	gc:hartree
ex:pathenergy_caa005bTSaIRCf_172	Path energy 172 caa005bTSaIRCf	gc:FloatValue	-765.8681208	gc:hartree
ex:pathenergy_caa005bTSaIRCf_173	Path energy 173 caa005bTSaIRCf	gc:FloatValue	-765.8676601	gc:hartree
ex:pathenergy_caa005bTSaIRCf_174	Path energy 174 caa005bTSaIRCf	gc:FloatValue	-765.8671857	gc:hartree
ex:pathenergy_caa005bTSaIRCf_175	Path energy 175 caa005bTSaIRCf	gc:FloatValue	-765.8666952	gc:hartree
ex:pathenergy_caa005bTSaIRCf_176	Path energy 176 caa005bTSaIRCf	gc:FloatValue	-765.8661868	gc:hartree
ex:pathenergy_caa005bTSaIRCf_177	Path energy 177 caa005bTSaIRCf	gc:FloatValue	-765.86566	gc:hartree
ex:pathenergy_caa005bTSaIRCf_178	Path energy 178 caa005bTSaIRCf	gc:FloatValue	-765.8651161	gc:hartree
ex:pathenergy_caa005bTSaIRCf_179	Path energy 179 caa005bTSaIRCf	gc:FloatValue	-765.8645581	gc:hartree
ex:pathenergy_caa005bTSaIRCf_180	Path energy 180 caa005bTSaIRCf	gc:FloatValue	-765.8639887	gc:hartree
ex:pathenergy_caa005bTSaIRCf_181	Path energy 181 caa005bTSaIRCf	gc:FloatValue	-765.8634092	gc:hartree
ex:pathenergy_caa005bTSaIRCf_182	Path energy 182 caa005bTSaIRCf	gc:FloatValue	-765.8628189	gc:hartree
ex:pathenergy_caa005bTSaIRCf_183	Path energy 183 caa005bTSaIRCf	gc:FloatValue	-765.8622151	gc:hartree
ex:pathenergy_caa005bTSaIRCf_184	Path energy 184 caa005bTSaIRCf	gc:FloatValue	-765.861594	gc:hartree
ex:pathenergy_caa005bTSaIRCf_185	Path energy 185 caa005bTSaIRCf	gc:FloatValue	-765.8609527	gc:hartree
ex:pathenergy_caa005bTSaIRCf_186	Path energy 186 caa005bTSaIRCf	gc:FloatValue	-765.8602906	gc:hartree
ex:pathenergy_caa005bTSaIRCf_187	Path energy 187 caa005bTSaIRCf	gc:FloatValue	-765.8596091	gc:hartree
ex:pathenergy_caa005bTSaIRCf_188	Path energy 188 caa005bTSaIRCf	gc:FloatValue	-765.8589107	gc:hartree
ex:pathenergy_caa005bTSaIRCf_189	Path energy 189 caa005bTSaIRCf	gc:FloatValue	-765.858197	gc:hartree
ex:pathenergy_caa005bTSaIRCf_190	Path energy 190 caa005bTSaIRCf	gc:FloatValue	-765.8574678	gc:hartree
ex:pathenergy_caa005bTSaIRCf_191	Path energy 191 caa005bTSaIRCf	gc:FloatValue	-765.8567212	gc:hartree
ex:pathenergy_caa005bTSaIRCf_192	Path energy 192 caa005bTSaIRCf	gc:FloatValue	-765.8559544	gc:hartree
ex:pathenergy_caa005bTSaIRCf_193	Path energy 193 caa005bTSaIRCf	gc:FloatValue	-765.8551655	gc:hartree
ex:pathenergy_caa005bTSaIRCf_194	Path energy 194 caa005bTSaIRCf	gc:FloatValue	-765.8543548	gc:hartree
ex:pathenergy_caa005bTSaIRCf_195	Path energy 195 caa005bTSaIRCf	gc:FloatValue	-765.8535231	gc:hartree
ex:pathenergy_caa005bTSaIRCf_196	Path energy 196 caa005bTSaIRCf	gc:FloatValue	-765.8526696	gc:hartree
ex:pathenergy_caa005bTSaIRCf_197	Path energy 197 caa005bTSaIRCf	gc:FloatValue	-765.8517809	gc:hartree
ex:pathenergy_caa005bTSaIRCf_198	Path energy 198 caa005bTSaIRCf	gc:FloatValue	-765.8508346	gc:hartree
ex:pathenergy_caa005bTSaIRCf_199	Path energy 199 caa005bTSaIRCf	gc:FloatValue	-765.8499239	gc:hartree
ex:pathenergy_caa005bTSaIRCf_200	Path energy 200 caa005bTSaIRCf	gc:FloatValue	-765.8492601	gc:hartree
ex:pathenergy_caa005bTSaIRCf_201	Path energy 201 caa005bTSaIRCf	gc:FloatValue	-765.8492722	gc:hartree
ex:pathenergy_caa005bTSaIRCf_202	Path energy 202 caa005bTSaIRCf	gc:FloatValue	-765.8500251	gc:hartree
ex:pathenergy_caa005bTSaIRCf_203	Path energy 203 caa005bTSaIRCf	gc:FloatValue	-765.8512429	gc:hartree
ex:pathenergy_caa005bTSaIRCf_204	Path energy 204 caa005bTSaIRCf	gc:FloatValue	-765.8529517	gc:hartree
ex:pathenergy_caa005bTSaIRCf_205	Path energy 205 caa005bTSaIRCf	gc:FloatValue	-765.8552085	gc:hartree
ex:pathenergy_caa005bTSaIRCf_206	Path energy 206 caa005bTSaIRCf	gc:FloatValue	-765.8580299	gc:hartree
ex:pathenergy_caa005bTSaIRCf_207	Path energy 207 caa005bTSaIRCf	gc:FloatValue	-765.861325	gc:hartree
ex:pathenergy_caa005bTSaIRCf_208	Path energy 208 caa005bTSaIRCf	gc:FloatValue	-765.8648329	gc:hartree
ex:pathenergy_caa005bTSaIRCf_209	Path energy 209 caa005bTSaIRCf	gc:FloatValue	-765.8681495	gc:hartree
ex:pathenergy_caa005bTSaIRCf_210	Path energy 210 caa005bTSaIRCf	gc:FloatValue	-765.8708408	gc:hartree
ex:pathenergy_caa005bTSaIRCf_211	Path energy 211 caa005bTSaIRCf	gc:FloatValue	-765.8728618	gc:hartree
ex:pathenergy_caa005bTSaIRCf_212	Path energy 212 caa005bTSaIRCf	gc:FloatValue	-765.8745757	gc:hartree
ex:pathenergy_caa005bTSaIRCf_213	Path energy 213 caa005bTSaIRCf	gc:FloatValue	-765.8761288	gc:hartree
ex:pathenergy_caa005bTSaIRCf_214	Path energy 214 caa005bTSaIRCf	gc:FloatValue	-765.8775433	gc:hartree
ex:pathenergy_caa005bTSaIRCf_215	Path energy 215 caa005bTSaIRCf	gc:FloatValue	-765.8788284	gc:hartree
ex:pathenergy_caa005bTSaIRCf_216	Path energy 216 caa005bTSaIRCf	gc:FloatValue	-765.8799921	gc:hartree
ex:pathenergy_caa005bTSaIRCf_217	Path energy 217 caa005bTSaIRCf	gc:FloatValue	-765.8810423	gc:hartree
ex:pathenergy_caa005bTSaIRCf_218	Path energy 218 caa005bTSaIRCf	gc:FloatValue	-765.8819855	gc:hartree
ex:pathenergy_caa005bTSaIRCf_219	Path energy 219 caa005bTSaIRCf	gc:FloatValue	-765.8828305	gc:hartree
ex:pathenergy_caa005bTSaIRCf_220	Path energy 220 caa005bTSaIRCf	gc:FloatValue	-765.8835908	gc:hartree
ex:pathenergy_caa005bTSaIRCf_221	Path energy 221 caa005bTSaIRCf	gc:FloatValue	-765.8842785	gc:hartree
ex:pathenergy_caa005bTSaIRCf_222	Path energy 222 caa005bTSaIRCf	gc:FloatValue	-765.8849026	gc:hartree
ex:pathenergy_caa005bTSaIRCf_223	Path energy 223 caa005bTSaIRCf	gc:FloatValue	-765.8854708	gc:hartree
ex:pathenergy_caa005bTSaIRCf_224	Path energy 224 caa005bTSaIRCf	gc:FloatValue	-765.8859902	gc:hartree
ex:pathenergy_caa005bTSaIRCf_225	Path energy 225 caa005bTSaIRCf	gc:FloatValue	-765.8864665	gc:hartree
ex:pathenergy_caa005bTSaIRCf_226	Path energy 226 caa005bTSaIRCf	gc:FloatValue	-765.8869043	gc:hartree
ex:pathenergy_caa005bTSaIRCf_227	Path energy 227 caa005bTSaIRCf	gc:FloatValue	-765.8873068	gc:hartree
ex:pathenergy_caa005bTSaIRCf_228	Path energy 228 caa005bTSaIRCf	gc:FloatValue	-765.887693	gc:hartree
ex:pathenergy_caa005bTSaIRCf_229	Path energy 229 caa005bTSaIRCf	gc:FloatValue	-765.8880346	gc:hartree
ex:pathenergy_caa005bTSaIRCf_230	Path energy 230 caa005bTSaIRCf	gc:FloatValue	-765.8883455	gc:hartree
ex:pathenergy_caa005bTSaIRCf_231	Path energy 231 caa005bTSaIRCf	gc:FloatValue	-765.8886363	gc:hartree
ex:pathenergy_caa005bTSaIRCf_232	Path energy 232 caa005bTSaIRCf	gc:FloatValue	-765.8889046	gc:hartree
ex:pathenergy_caa005bTSaIRCf_233	Path energy 233 caa005bTSaIRCf	gc:FloatValue	-765.8891517	gc:hartree
ex:pathenergy_caa005bTSaIRCf_234	Path energy 234 caa005bTSaIRCf	gc:FloatValue	-765.8893785	gc:hartree
ex:pathenergy_caa005bTSaIRCf_235	Path energy 235 caa005bTSaIRCf	gc:FloatValue	-765.889585	gc:hartree
ex:pathenergy_caa005bTSaIRCf_236	Path energy 236 caa005bTSaIRCf	gc:FloatValue	-765.8897718	gc:hartree
ex:pathenergy_caa005bTSaIRCf_237	Path energy 237 caa005bTSaIRCf	gc:FloatValue	-765.8899399	gc:hartree
ex:pathenergy_caa005bTSaIRCf_238	Path energy 238 caa005bTSaIRCf	gc:FloatValue	-765.8900914	gc:hartree
ex:pathenergy_caa005bTSaIRCf_239	Path energy 239 caa005bTSaIRCf	gc:FloatValue	-765.8902279	gc:hartree
ex:pathenergy_caa005bTSaIRCf_240	Path energy 240 caa005bTSaIRCf	gc:FloatValue	-765.89035	gc:hartree
ex:pathenergy_caa005bTSaIRCf_241	Path energy 241 caa005bTSaIRCf	gc:FloatValue	-765.8904608	gc:hartree
ex:pathenergy_caa005bTSaIRCf_242	Path energy 242 caa005bTSaIRCf	gc:FloatValue	-765.8905605	gc:hartree
ex:pathenergy_caa005bTSaIRCf_243	Path energy 243 caa005bTSaIRCf	gc:FloatValue	-765.8906508	gc:hartree
ex:pathenergy_caa005bTSaIRCf_244	Path energy 244 caa005bTSaIRCf	gc:FloatValue	-765.8907327	gc:hartree
ex:pathenergy_caa005bTSaIRCf_245	Path energy 245 caa005bTSaIRCf	gc:FloatValue	-765.8908076	gc:hartree
ex:pathenergy_caa005bTSaIRCf_246	Path energy 246 caa005bTSaIRCf	gc:FloatValue	-765.8908766	gc:hartree
ex:pathenergy_caa005bTSaIRCf_247	Path energy 247 caa005bTSaIRCf	gc:FloatValue	-765.8909413	gc:hartree
ex:pathenergy_caa005bTSaIRCf_248	Path energy 248 caa005bTSaIRCf	gc:FloatValue	-765.8910025	gc:hartree
ex:pathenergy_caa005bTSaIRCf_249	Path energy 249 caa005bTSaIRCf	gc:FloatValue	-765.8910611	gc:hartree
ex:pathenergy_caa005bTSaIRCf_250	Path energy 250 caa005bTSaIRCf	gc:FloatValue	-765.8911173	gc:hartree
ex:pathenergy_caa005bTSaIRCf_251	Path energy 251 caa005bTSaIRCf	gc:FloatValue	-765.8911711	gc:hartree
ex:pathenergy_caa005bTSaIRCf_252	Path energy 252 caa005bTSaIRCf	gc:FloatValue	-765.8912225	gc:hartree
ex:pathenergy_caa005bTSaIRCf_253	Path energy 253 caa005bTSaIRCf	gc:FloatValue	-765.8912716	gc:hartree
ex:pathenergy_caa005bTSaIRCf_254	Path energy 254 caa005bTSaIRCf	gc:FloatValue	-765.8913183	gc:hartree
ex:pathenergy_caa005bTSaIRCf_255	Path energy 255 caa005bTSaIRCf	gc:FloatValue	-765.8913627	gc:hartree
ex:pathenergy_caa005bTSaIRCf_256	Path energy 256 caa005bTSaIRCf	gc:FloatValue	-765.8914049	gc:hartree
ex:pathenergy_caa005bTSaIRCf_257	Path energy 257 caa005bTSaIRCf	gc:FloatValue	-765.8914451	gc:hartree
ex:pathenergy_caa005bTSaIRCf_258	Path energy 258 caa005bTSaIRCf	gc:FloatValue	-765.8914831	gc:hartree
ex:pathenergy_caa005bTSaIRCf_259	Path energy 259 caa005bTSaIRCf	gc:FloatValue	-765.8915193	gc:hartree
ex:pathenergy_caa005bTSaIRCf_260	Path energy 260 caa005bTSaIRCf	gc:FloatValue	-765.8915534	gc:hartree
ex:pathenergy_caa005bTSaIRCf_261	Path energy 261 caa005bTSaIRCf	gc:FloatValue	-765.8915858	gc:hartree
ex:pathenergy_caa005bTSaIRCf_262	Path energy 262 caa005bTSaIRCf	gc:FloatValue	-765.8916164	gc:hartree
ex:pathenergy_caa005bTSaIRCf_263	Path energy 263 caa005bTSaIRCf	gc:FloatValue	-765.8916453	gc:hartree
ex:pathenergy_caa005bTSaIRCf_264	Path energy 264 caa005bTSaIRCf	gc:FloatValue	-765.8916727	gc:hartree
ex:pathenergy_caa005bTSaIRCf_265	Path energy 265 caa005bTSaIRCf	gc:FloatValue	-765.8916986	gc:hartree
ex:pathenergy_caa005bTSaIRCf_266	Path energy 266 caa005bTSaIRCf	gc:FloatValue	-765.8917231	gc:hartree
ex:pathenergy_caa005bTSaIRCf_267	Path energy 267 caa005bTSaIRCf	gc:FloatValue	-765.8917462	gc:hartree
ex:pathenergy_caa005bTSaIRCf_268	Path energy 268 caa005bTSaIRCf	gc:FloatValue	-765.891768	gc:hartree
ex:pathenergy_caa005bTSaIRCf_269	Path energy 269 caa005bTSaIRCf	gc:FloatValue	-765.8917884	gc:hartree
ex:pathenergy_caa005bTSaIRCf_270	Path energy 270 caa005bTSaIRCf	gc:FloatValue	-765.8918075	gc:hartree
ex:pathenergy_caa005bTSaIRCf_271	Path energy 271 caa005bTSaIRCf	gc:FloatValue	-765.8918251	gc:hartree
ex:pathenergy_caa005bTSaIRCf_272	Path energy 272 caa005bTSaIRCf	gc:FloatValue	-765.8918415	gc:hartree
ex:pathenergy_caa005bTSaIRCf_273	Path energy 273 caa005bTSaIRCf	gc:FloatValue	-765.8918565	gc:hartree
ex:pathenergy_caa005bTSaIRCf_274	Path energy 274 caa005bTSaIRCf	gc:FloatValue	-765.8918698	gc:hartree
ex:pathenergy_caa005bTSaIRCf_275	Path energy 275 caa005bTSaIRCf	gc:FloatValue	-765.8918812	gc:hartree
ex:pathenergy_caa005bTSaIRCf_276	Path energy 276 caa005bTSaIRCf	gc:FloatValue	-765.8918915	gc:hartree
ex:pathenergy_caa005bTSaIRCf_277	Path energy 277 caa005bTSaIRCf	gc:FloatValue	-765.8919022	gc:hartree
ex:pathenergy_caa005bTSaIRCf_278	Path energy 278 caa005bTSaIRCf	gc:FloatValue	-765.8919168	gc:hartree
ex:pathenergy_caa005bTSaIRCf_279	Path energy 279 caa005bTSaIRCf	gc:FloatValue	-765.8919357	gc:hartree
ex:pathenergy_caa005bTSaIRCf_280	Path energy 280 caa005bTSaIRCf	gc:FloatValue	-765.8919484	gc:hartree
ex:pathenergy_caa005bTSaIRCf_281	Path energy 281 caa005bTSaIRCf	gc:FloatValue	-765.891957	gc:hartree
ex:pathenergy_caa005bTSaIRCf_282	Path energy 282 caa005bTSaIRCf	gc:FloatValue	-765.8919635	gc:hartree
ex:pathenergy_caa005bTSaIRCf_283	Path energy 283 caa005bTSaIRCf	gc:FloatValue	-765.8919692	gc:hartree
ex:pathenergy_caa005bTSaIRCf_284	Path energy 284 caa005bTSaIRCf	gc:FloatValue	-765.8919716	gc:hartree
ex:pathenergy_caa005bTSaIRCf_285	Path energy 285 caa005bTSaIRCf	gc:FloatValue	-765.8919739	gc:hartree
ex:pathenergy_caa005bTSaIRCf_286	Path energy 286 caa005bTSaIRCf	gc:FloatValue	-765.8919758	gc:hartree
ex:pathenergy_caa005bTSaIRCf_287	Path energy 287 caa005bTSaIRCf	gc:FloatValue	-765.8919771	gc:hartree
ex:pathenergy_caa005bTSaIRCf_288	Path energy 288 caa005bTSaIRCf	gc:FloatValue	-765.8919781	gc:hartree
ex:pathenergy_caa005bTSaIRCf_289	Path energy 289 caa005bTSaIRCf	gc:FloatValue	-765.891979	gc:hartree
