ID	Label	Type	hasIndex	hasPathEnergy
ID	LABEL	TYPE	I gc:hasIndex	I gc:hasPathEnergy
ex:pathpoint_caa005bTSaIRCf_1	Path point 1 (backward) caa005bTSaIRCf	gc:ReactionPathPoint	1	ex:pathenergy_caa005bTSaIRCf_1
ex:pathpoint_caa005bTSaIRCf_2	Path point 2 (backward) caa005bTSaIRCf	gc:ReactionPathPoint	2	ex:pathenergy_caa005bTSaIRCf_2
ex:pathpoint_caa005bTSaIRCf_3	Path point 3 (backward) caa005bTSaIRCf	gc:ReactionPathPoint	3	ex:pathenergy_caa005bTSaIRCf_3
ex:pathpoint_caa005bTSaIRCf_4	Path point 4 (backward) caa005bTSaIRCf	gc:ReactionPathPoint	4	ex:pathenergy_caa005bTSaIRCf_4
ex:pathpoint_caa005bTSaIRCf_5	Path point 5 (backward) caa005bTSaIRCf	gc:ReactionPathPoint	5	ex:pathenergy_caa005bTSaIRCf_5
ex:pathpoint_caa005bTSaIRCf_6	Path point 6 (backward) caa005bTSaIRCf	gc:ReactionPathPoint	6	ex:pathenergy_caa005bTSaIRCf_6
ex:pathpoint_caa005bTSaIRCf_7	Path point 7 (backward) caa005bTSaIRCf	gc:ReactionPathPoint	7	ex:pathenergy_caa005bTSaIRCf_7
ex:pathpoint_caa005bTSaIRCf_8	Path point 8 (backward) caa005bTSaIRCf	gc:ReactionPathPoint	8	ex:pathenergy_caa005bTSaIRCf_8
ex:pathpoint_caa005bTSaIRCf_9	Path point 9 (backward) caa005bTSaIRCf	gc:ReactionPathPoint	9	ex:pathenergy_caa005bTSaIRCf_9
ex:pathpoint_caa005bTSaIRCf_10	Path point 10 (backward) caa005bTSaIRCf	gc:ReactionPathPoint	10	ex:pathenergy_caa005bTSaIRCf_10
ex:pathpoint_caa005bTSaIRCf_11	Path point 11 (backward) caa005bTSaIRCf	gc:ReactionPathPoint	11	ex:pathenergy_caa005bTSaIRCf_11
ex:pathpoint_caa005bTSaIRCf_12	Path point 12 (backward) caa005bTSaIRCf	gc:ReactionPathPoint	12	ex:pathenergy_caa005bTSaIRCf_12
ex:pathpoint_caa005bTSaIRCf_13	Path point 13 (backward) caa005bTSaIRCf	gc:ReactionPathPoint	13	ex:pathenergy_caa005bTSaIRCf_13
ex:pathpoint_caa005bTSaIRCf_14	Path point 14 (backward) caa005bTSaIRCf	gc:ReactionPathPoint	14	ex:pathenergy_caa005bTSaIRCf_14
ex:pathpoint_caa005bTSaIRCf_15	Path point 15 (backward) caa005bTSaIRCf	gc:ReactionPathPoint	15	ex:pathenergy_caa005bTSaIRCf_15
ex:pathpoint_caa005bTSaIRCf_16	Path point 16 (backward) caa005bTSaIRCf	gc:ReactionPathPoint	16	ex:pathenergy_caa005bTSaIRCf_16
ex:pathpoint_caa005bTSaIRCf_17	Path point 17 (backward) caa005bTSaIRCf	gc:ReactionPathPoint	17	ex:pathenergy_caa005bTSaIRCf_17
ex:pathpoint_caa005bTSaIRCf_18	Path point 18 (backward) caa005bTSaIRCf	gc:ReactionPathPoint	18	ex:pathenergy_caa005bTSaIRCf_18
ex:pathpoint_caa005bTSaIRCf_19	Path point 19 (backward) caa005bTSaIRCf	gc:ReactionPathPoint	19	ex:pathenergy_caa005bTSaIRCf_19
ex:pathpoint_caa005bTSaIRCf_20	Path point 20 (backward) caa005bTSaIRCf	gc:ReactionPathPoint	20	ex:pathenergy_caa005bTSaIRCf_20
ex:pathpoint_caa005bTSaIRCf_21	Path point 21 (backward) caa005bTSaIRCf	gc:ReactionPathPoint	21	ex:pathenergy_caa005bTSaIRCf_21
ex:pathpoint_caa005bTSaIRCf_22	Path point 22 (backward) caa005bTSaIRCf	gc:ReactionPathPoint	22	ex:pathenergy_caa005bTSaIRCf_22
ex:pathpoint_caa005bTSaIRCf_23	Path point 23 (backward) caa005bTSaIRCf	gc:ReactionPathPoint	23	ex:pathenergy_caa005bTSaIRCf_23
ex:pathpoint_caa005bTSaIRCf_24	Path point 24 (backward) caa005bTSaIRCf	gc:ReactionPathPoint	24	ex:pathenergy_caa005bTSaIRCf_24
ex:pathpoint_caa005bTSaIRCf_25	Path point 25 (backward) caa005bTSaIRCf	gc:ReactionPathPoint	25	ex:pathenergy_caa005bTSaIRCf_25
ex:pathpoint_caa005bTSaIRCf_26	Path point 26 (backward) caa005bTSaIRCf	gc:ReactionPathPoint	26	ex:pathenergy_caa005bTSaIRCf_26
ex:pathpoint_caa005bTSaIRCf_27	Path point 27 (backward) caa005bTSaIRCf	gc:ReactionPathPoint	27	ex:pathenergy_caa005bTSaIRCf_27
ex:pathpoint_caa005bTSaIRCf_28	Path point 28 (backward) caa005bTSaIRCf	gc:ReactionPathPoint	28	ex:pathenergy_caa005bTSaIRCf_28
ex:pathpoint_caa005bTSaIRCf_29	Path point 29 (backward) caa005bTSaIRCf	gc:ReactionPathPoint	29	ex:pathenergy_caa005bTSaIRCf_29
ex:pathpoint_caa005bTSaIRCf_30	Path point 30 (backward) caa005bTSaIRCf	gc:ReactionPathPoint	30	ex:pathenergy_caa005bTSaIRCf_30
ex:pathpoint_caa005bTSaIRCf_31	Path point 31 (backward) caa005bTSaIRCf	gc:ReactionPathPoint	31	ex:pathenergy_caa005bTSaIRCf_31
ex:pathpoint_caa005bTSaIRCf_32	Path point 32 (backward) caa005bTSaIRCf	gc:ReactionPathPoint	32	ex:pathenergy_caa005bTSaIRCf_32
ex:pathpoint_caa005bTSaIRCf_33	Path point 33 (backward) caa005bTSaIRCf	gc:ReactionPathPoint	33	ex:pathenergy_caa005bTSaIRCf_33
ex:pathpoint_caa005bTSaIRCf_34	Path point 34 (backward) caa005bTSaIRCf	gc:ReactionPathPoint	34	ex:pathenergy_caa005bTSaIRCf_34
ex:pathpoint_caa005bTSaIRCf_35	Path point 35 (backward) caa005bTSaIRCf	gc:ReactionPathPoint	35	ex:pathenergy_caa005bTSaIRCf_35
ex:pathpoint_caa005bTSaIRCf_36	Path point 36 (backward) caa005bTSaIRCf	gc:ReactionPathPoint	36	ex:pathenergy_caa005bTSaIRCf_36
ex:pathpoint_caa005bTSaIRCf_37	Path point 37 (backward) caa005bTSaIRCf	gc:ReactionPathPoint	37	ex:pathenergy_caa005bTSaIRCf_37
ex:pathpoint_caa005bTSaIRCf_38	Path point 38 (backward) caa005bTSaIRCf	gc:ReactionPathPoint	38	ex:pathenergy_caa005bTSaIRCf_38
ex:pathpoint_caa005bTSaIRCf_39	Path point 39 (backward) caa005bTSaIRCf	gc:ReactionPathPoint	39	ex:pathenergy_caa005bTSaIRCf_39
ex:pathpoint_caa005bTSaIRCf_40	Path point 40 (backward) caa005bTSaIRCf	gc:ReactionPathPoint	40	ex:pathenergy_caa005bTSaIRCf_40
ex:pathpoint_caa005bTSaIRCf_41	Path point 41 (backward) caa005bTSaIRCf	gc:ReactionPathPoint	41	ex:pathenergy_caa005bTSaIRCf_41
ex:pathpoint_caa005bTSaIRCf_42	Path point 42 (backward) caa005bTSaIRCf	gc:ReactionPathPoint	42	ex:pathenergy_caa005bTSaIRCf_42
ex:pathpoint_caa005bTSaIRCf_43	Path point 43 (backward) caa005bTSaIRCf	gc:ReactionPathPoint	43	ex:pathenergy_caa005bTSaIRCf_43
ex:pathpoint_caa005bTSaIRCf_44	Path point 44 (backward) caa005bTSaIRCf	gc:ReactionPathPoint	44	ex:pathenergy_caa005bTSaIRCf_44
ex:pathpoint_caa005bTSaIRCf_45	Path point 45 (backward) caa005bTSaIRCf	gc:ReactionPathPoint	45	ex:pathenergy_caa005bTSaIRCf_45
ex:pathpoint_caa005bTSaIRCf_46	Path point 46 (backward) caa005bTSaIRCf	gc:ReactionPathPoint	46	ex:pathenergy_caa005bTSaIRCf_46
ex:pathpoint_caa005bTSaIRCf_47	Path point 47 (backward) caa005bTSaIRCf	gc:ReactionPathPoint	47	ex:pathenergy_caa005bTSaIRCf_47
ex:pathpoint_caa005bTSaIRCf_48	Path point 48 (backward) caa005bTSaIRCf	gc:ReactionPathPoint	48	ex:pathenergy_caa005bTSaIRCf_48
ex:pathpoint_caa005bTSaIRCf_49	Path point 49 (backward) caa005bTSaIRCf	gc:ReactionPathPoint	49	ex:pathenergy_caa005bTSaIRCf_49
ex:pathpoint_caa005bTSaIRCf_50	Path point 50 (backward) caa005bTSaIRCf	gc:ReactionPathPoint	50	ex:pathenergy_caa005bTSaIRCf_50
ex:pathpoint_caa005bTSaIRCf_51	Path point 51 (backward) caa005bTSaIRCf	gc:ReactionPathPoint	51	ex:pathenergy_caa005bTSaIRCf_51
ex:pathpoint_caa005bTSaIRCf_52	Path point 52 (backward) caa005bTSaIRCf	gc:ReactionPathPoint	52	ex:pathenergy_caa005bTSaIRCf_52
ex:pathpoint_caa005bTSaIRCf_53	Path point 53 (backward) caa005bTSaIRCf	gc:ReactionPathPoint	53	ex:pathenergy_caa005bTSaIRCf_53
ex:pathpoint_caa005bTSaIRCf_54	Path point 54 (backward) caa005bTSaIRCf	gc:ReactionPathPoint	54	ex:pathenergy_caa005bTSaIRCf_54
ex:pathpoint_caa005bTSaIRCf_55	Path point 55 (backward) caa005bTSaIRCf	gc:ReactionPathPoint	55	ex:pathenergy_caa005bTSaIRCf_55
ex:pathpoint_caa005bTSaIRCf_56	Path point 56 (backward) caa005bTSaIRCf	gc:ReactionPathPoint	56	ex:pathenergy_caa005bTSaIRCf_56
ex:pathpoint_caa005bTSaIRCf_57	Path point 57 (backward) caa005bTSaIRCf	gc:ReactionPathPoint	57	ex:pathenergy_caa005bTSaIRCf_57
ex:pathpoint_caa005bTSaIRCf_58	Path point 58 (backward) caa005bTSaIRCf	gc:ReactionPathPoint	58	ex:pathenergy_caa005bTSaIRCf_58
ex:pathpoint_caa005bTSaIRCf_59	Path point 59 (backward) caa005bTSaIRCf	gc:ReactionPathPoint	59	ex:pathenergy_caa005bTSaIRCf_59
ex:pathpoint_caa005bTSaIRCf_60	Path point 60 (backward) caa005bTSaIRCf	gc:ReactionPathPoint	60	ex:pathenergy_caa005bTSaIRCf_60
ex:pathpoint_caa005bTSaIRCf_61	Path point 61 (backward) caa005bTSaIRCf	gc:ReactionPathPoint	61	ex:pathenergy_caa005bTSaIRCf_61
ex:pathpoint_caa005bTSaIRCf_62	Path point 62 (backward) caa005bTSaIRCf	gc:ReactionPathPoint	62	ex:pathenergy_caa005bTSaIRCf_62
ex:pathpoint_caa005bTSaIRCf_63	Path point 63 (backward) caa005bTSaIRCf	gc:ReactionPathPoint	63	ex:pathenergy_caa005bTSaIRCf_63
ex:pathpoint_caa005bTSaIRCf_64	Path point 64 (backward) caa005bTSaIRCf	gc:ReactionPathPoint	64	ex:pathenergy_caa005bTSaIRCf_64
ex:pathpoint_caa005bTSaIRCf_65	Path point 65 (backward) caa005bTSaIRCf	gc:ReactionPathPoint	65	ex:pathenergy_caa005bTSaIRCf_65
ex:pathpoint_caa005bTSaIRCf_66	Path point 66 (backward) caa005bTSaIRCf	gc:ReactionPathPoint	66	ex:pathenergy_caa005bTSaIRCf_66
ex:pathpoint_caa005bTSaIRCf_67	Path point 67 (backward) caa005bTSaIRCf	gc:ReactionPathPoint	67	ex:pathenergy_caa005bTSaIRCf_67
ex:pathpoint_caa005bTSaIRCf_68	Path point 68 (backward) caa005bTSaIRCf	gc:ReactionPathPoint	68	ex:pathenergy_caa005bTSaIRCf_68
ex:pathpoint_caa005bTSaIRCf_69	Path point 69 (backward) caa005bTSaIRCf	gc:ReactionPathPoint	69	ex:pathenergy_caa005bTSaIRCf_69
ex:pathpoint_caa005bTSaIRCf_70	Path point 70 (backward) caa005bTSaIRCf	gc:ReactionPathPoint	70	ex:pathenergy_caa005bTSaIRCf_70
ex:pathpoint_caa005bTSaIRCf_71	Path point 71 (backward) caa005bTSaIRCf	gc:ReactionPathPoint	71	ex:pathenergy_caa005bTSaIRCf_71
ex:pathpoint_caa005bTSaIRCf_72	Path point 72 (backward) caa005bTSaIRCf	gc:ReactionPathPoint	72	ex:pathenergy_caa005bTSaIRCf_72
ex:pathpoint_caa005bTSaIRCf_73	Path point 73 (backward) caa005bTSaIRCf	gc:ReactionPathPoint	73	ex:pathenergy_caa005bTSaIRCf_73
ex:pathpoint_caa005bTSaIRCf_74	Path point 74 (backward) caa005bTSaIRCf	gc:ReactionPathPoint	74	ex:pathenergy_caa005bTSaIRCf_74
ex:pathpoint_caa005bTSaIRCf_75	Path point 75 (backward) caa005bTSaIRCf	gc:ReactionPathPoint	75	ex:pathenergy_caa005bTSaIRCf_75
ex:pathpoint_caa005bTSaIRCf_76	Path point 76 (backward) caa005bTSaIRCf	gc:ReactionPathPoint	76	ex:pathenergy_caa005bTSaIRCf_76
ex:pathpoint_caa005bTSaIRCf_77	Path point 77 (backward) caa005bTSaIRCf	gc:ReactionPathPoint	77	ex:pathenergy_caa005bTSaIRCf_77
ex:pathpoint_caa005bTSaIRCf_78	Path point 78 (backward) caa005bTSaIRCf	gc:ReactionPathPoint	78	ex:pathenergy_caa005bTSaIRCf_78
ex:pathpoint_caa005bTSaIRCf_79	Path point 79 (backward) caa005bTSaIRCf	gc:ReactionPathPoint	79	ex:pathenergy_caa005bTSaIRCf_79
ex:pathpoint_caa005bTSaIRCf_80	Path point 80 (backward) caa005bTSaIRCf	gc:ReactionPathPoint	80	ex:pathenergy_caa005bTSaIRCf_80
ex:pathpoint_caa005bTSaIRCf_81	Path point 81 (backward) caa005bTSaIRCf	gc:ReactionPathPoint	81	ex:pathenergy_caa005bTSaIRCf_81
ex:pathpoint_caa005bTSaIRCf_82	Path point 82 (backward) caa005bTSaIRCf	gc:ReactionPathPoint	82	ex:pathenergy_caa005bTSaIRCf_82
ex:pathpoint_caa005bTSaIRCf_83	Path point 83 (backward) caa005bTSaIRCf	gc:ReactionPathPoint	83	ex:pathenergy_caa005bTSaIRCf_83
ex:pathpoint_caa005bTSaIRCf_84	Path point 84 (backward) caa005bTSaIRCf	gc:ReactionPathPoint	84	ex:pathenergy_caa005bTSaIRCf_84
ex:pathpoint_caa005bTSaIRCf_85	Path point 85 (backward) caa005bTSaIRCf	gc:ReactionPathPoint	85	ex:pathenergy_caa005bTSaIRCf_85
ex:pathpoint_caa005bTSaIRCf_86	Path point 86 (backward) caa005bTSaIRCf	gc:ReactionPathPoint	86	ex:pathenergy_caa005bTSaIRCf_86
ex:pathpoint_caa005bTSaIRCf_87	Path point 87 (backward) caa005bTSaIRCf	gc:ReactionPathPoint	87	ex:pathenergy_caa005bTSaIRCf_87
ex:pathpoint_caa005bTSaIRCf_88	Path point 88 (backward) caa005bTSaIRCf	gc:ReactionPathPoint	88	ex:pathenergy_caa005bTSaIRCf_88
ex:pathpoint_caa005bTSaIRCf_89	Path point 89 (backward) caa005bTSaIRCf	gc:ReactionPathPoint	89	ex:pathenergy_caa005bTSaIRCf_89
ex:pathpoint_caa005bTSaIRCf_90	Path point 90 (backward) caa005bTSaIRCf	gc:ReactionPathPoint	90	ex:pathenergy_caa005bTSaIRCf_90
ex:pathpoint_caa005bTSaIRCf_91	Path point 91 (backward) caa005bTSaIRCf	gc:ReactionPathPoint	91	ex:pathenergy_caa005bTSaIRCf_91
ex:pathpoint_caa005bTSaIRCf_92	Path point 92 (backward) caa005bTSaIRCf	gc:ReactionPathPoint	92	ex:pathenergy_caa005bTSaIRCf_92
ex:pathpoint_caa005bTSaIRCf_93	Path point 93 (backward) caa005bTSaIRCf	gc:ReactionPathPoint	93	ex:pathenergy_caa005bTSaIRCf_93
ex:pathpoint_caa005bTSaIRCf_94	Path point 94 (backward) caa005bTSaIRCf	gc:ReactionPathPoint	94	ex:pathenergy_caa005bTSaIRCf_94
ex:pathpoint_caa005bTSaIRCf_95	Path point 95 (backward) caa005bTSaIRCf	gc:ReactionPathPoint	95	ex:pathenergy_caa005bTSaIRCf_95
ex:pathpoint_caa005bTSaIRCf_96	Path point 96 (backward) caa005bTSaIRCf	gc:ReactionPathPoint	96	ex:pathenergy_caa005bTSaIRCf_96
ex:pathpoint_caa005bTSaIRCf_97	Path point 97 (backward) caa005bTSaIRCf	gc:ReactionPathPoint	97	ex:pathenergy_caa005bTSaIRCf_97
ex:pathpoint_caa005bTSaIRCf_98	Path point 98 (backward) caa005bTSaIRCf	gc:ReactionPathPoint	98	ex:pathenergy_caa005bTSaIRCf_98
ex:pathpoint_caa005bTSaIRCf_99	Path point 99 (backward) caa005bTSaIRCf	gc:ReactionPathPoint	99	ex:pathenergy_caa005bTSaIRCf_99
ex:pathpoint_caa005bTSaIRCf_100	Path point 100 (backward) caa005bTSaIRCf	gc:ReactionPathPoint	100	ex:pathenergy_caa005bTSaIRCf_100
ex:pathpoint_caa005bTSaIRCf_101	Path point 101 (backward) caa005bTSaIRCf	gc:ReactionPathPoint	101	ex:pathenergy_caa005bTSaIRCf_101
ex:pathpoint_caa005bTSaIRCf_102	Path point 102 (backward) caa005bTSaIRCf	gc:ReactionPathPoint	102	ex:pathenergy_caa005bTSaIRCf_102
ex:pathpoint_caa005bTSaIRCf_103	Path point 103 (backward) caa005bTSaIRCf	gc:ReactionPathPoint	103	ex:pathenergy_caa005bTSaIRCf_103
ex:pathpoint_caa005bTSaIRCf_104	Path point 104 (backward) caa005bTSaIRCf	gc:ReactionPathPoint	104	ex:pathenergy_caa005bTSaIRCf_104
ex:pathpoint_caa005bTSaIRCf_105	Path point 105 (backward) caa005bTSaIRCf	gc:ReactionPathPoint	105	ex:pathenergy_caa005bTSaIRCf_105
ex:pathpoint_caa005bTSaIRCf_106	Path point 106 (backward) caa005bTSaIRCf	gc:ReactionPathPoint	106	ex:pathenergy_caa005bTSaIRCf_106
ex:pathpoint_caa005bTSaIRCf_107	Path point 107 (backward) caa005bTSaIRCf	gc:ReactionPathPoint	107	ex:pathenergy_caa005bTSaIRCf_107
ex:pathpoint_caa005bTSaIRCf_108	Path point 108 (backward) caa005bTSaIRCf	gc:ReactionPathPoint	108	ex:pathenergy_caa005bTSaIRCf_108
ex:pathpoint_caa005bTSaIRCf_109	Path point 109 (backward) caa005bTSaIRCf	gc:ReactionPathPoint	109	ex:pathenergy_caa005bTSaIRCf_109
ex:pathpoint_caa005bTSaIRCf_110	Path point 110 (backward) caa005bTSaIRCf	gc:ReactionPathPoint	110	ex:pathenergy_caa005bTSaIRCf_110
ex:pathpoint_caa005bTSaIRCf_111	Path point 111 (backward) caa005bTSaIRCf	gc:ReactionPathPoint	111	ex:pathenergy_caa005bTSaIRCf_111
ex:pathpoint_caa005bTSaIRCf_112	Path point 112 (backward) caa005bTSaIRCf	gc:ReactionPathPoint	112	ex:pathenergy_caa005bTSaIRCf_112
ex:pathpoint_caa005bTSaIRCf_113	Path point 113 (backward) caa005bTSaIRCf	gc:ReactionPathPoint	113	ex:pathenergy_caa005bTSaIRCf_113
ex:pathpoint_caa005bTSaIRCf_114	Path point 114 (backward) caa005bTSaIRCf	gc:ReactionPathPoint	114	ex:pathenergy_caa005bTSaIRCf_114
ex:pathpoint_caa005bTSaIRCf_115	Path point 115 (backward) caa005bTSaIRCf	gc:ReactionPathPoint	115	ex:pathenergy_caa005bTSaIRCf_115
ex:pathpoint_caa005bTSaIRCf_116	Path point 116 (backward) caa005bTSaIRCf	gc:ReactionPathPoint	116	ex:pathenergy_caa005bTSaIRCf_116
ex:pathpoint_caa005bTSaIRCf_117	Path point 117 (backward) caa005bTSaIRCf	gc:ReactionPathPoint	117	ex:pathenergy_caa005bTSaIRCf_117
ex:pathpoint_caa005bTSaIRCf_118	Path point 118 (backward) caa005bTSaIRCf	gc:ReactionPathPoint	118	ex:pathenergy_caa005bTSaIRCf_118
ex:pathpoint_caa005bTSaIRCf_119	Path point 119 (backward) caa005bTSaIRCf	gc:ReactionPathPoint	119	ex:pathenergy_caa005bTSaIRCf_119
ex:pathpoint_caa005bTSaIRCf_120	Path point 120 (backward) caa005bTSaIRCf	gc:ReactionPathPoint	120	ex:pathenergy_caa005bTSaIRCf_120
ex:pathpoint_caa005bTSaIRCf_121	Path point 121 (backward) caa005bTSaIRCf	gc:ReactionPathPoint	121	ex:pathenergy_caa005bTSaIRCf_121
ex:pathpoint_caa005bTSaIRCf_122	Path point 122 (backward) caa005bTSaIRCf	gc:ReactionPathPoint	122	ex:pathenergy_caa005bTSaIRCf_122
ex:pathpoint_caa005bTSaIRCf_123	Path point 123 (backward) caa005bTSaIRCf	gc:ReactionPathPoint	123	ex:pathenergy_caa005bTSaIRCf_123
ex:pathpoint_caa005bTSaIRCf_124	Path point 124 (backward) caa005bTSaIRCf	gc:ReactionPathPoint	124	ex:pathenergy_caa005bTSaIRCf_124
ex:pathpoint_caa005bTSaIRCf_125	Path point 125 (backward) caa005bTSaIRCf	gc:ReactionPathPoint	125	ex:pathenergy_caa005bTSaIRCf_125
ex:pathpoint_caa005bTSaIRCf_126	Path point 126 (backward) caa005bTSaIRCf	gc:ReactionPathPoint	126	ex:pathenergy_caa005bTSaIRCf_126
ex:pathpoint_caa005bTSaIRCf_127	Path point 127 (backward) caa005bTSaIRCf	gc:ReactionPathPoint	127	ex:pathenergy_caa005bTSaIRCf_127
ex:pathpoint_caa005bTSaIRCf_128	Path point 128 (backward) caa005bTSaIRCf	gc:ReactionPathPoint	128	ex:pathenergy_caa005bTSaIRCf_128
ex:pathpoint_caa005bTSaIRCf_129	Path point 129 (backward) caa005bTSaIRCf	gc:ReactionPathPoint	129	ex:pathenergy_caa005bTSaIRCf_129
ex:pathpoint_caa005bTSaIRCf_130	Path point 130 (backward) caa005bTSaIRCf	gc:ReactionPathPoint	130	ex:pathenergy_caa005bTSaIRCf_130
ex:pathpoint_caa005bTSaIRCf_131	Path point 131 (backward) caa005bTSaIRCf	gc:ReactionPathPoint	131	ex:pathenergy_caa005bTSaIRCf_131
ex:pathpoint_caa005bTSaIRCf_132	Path point 132 (backward) caa005bTSaIRCf	gc:ReactionPathPoint	132	ex:pathenergy_caa005bTSaIRCf_132
ex:pathpoint_caa005bTSaIRCf_133	Path point 133 (backward) caa005bTSaIRCf	gc:ReactionPathPoint	133	ex:pathenergy_caa005bTSaIRCf_133
ex:pathpoint_caa005bTSaIRCf_134	Path point 134 (backward) caa005bTSaIRCf	gc:ReactionPathPoint	134	ex:pathenergy_caa005bTSaIRCf_134
ex:pathpoint_caa005bTSaIRCf_135	Path point 135 (backward) caa005bTSaIRCf	gc:ReactionPathPoint	135	ex:pathenergy_caa005bTSaIRCf_135
ex:pathpoint_caa005bTSaIRCf_136	Path point 136 (backward) caa005bTSaIRCf	gc:ReactionPathPoint	136	ex:pathenergy_caa005bTSaIRCf_136
ex:pathpoint_caa005bTSaIRCf_137	Path point 137 (backward) caa005bTSaIRCf	gc:ReactionPathPoint	137	ex:pathenergy_caa005bTSaIRCf_137
ex:pathpoint_caa005bTSaIRCf_138	Path point 138 (backward) caa005bTSaIRCf	gc:ReactionPathPoint	138	ex:pathenergy_caa005bTSaIRCf_138
ex:pathpoint_caa005bTSaIRCf_139	Path point 139 (backward) caa005bTSaIRCf	gc:ReactionPathPoint	139	ex:pathenergy_caa005bTSaIRCf_139
ex:pathpoint_caa005bTSaIRCf_140	Path point 140 (backward) caa005bTSaIRCf	gc:ReactionPathPoint	140	ex:pathenergy_caa005bTSaIRCf_140
ex:pathpoint_caa005bTSaIRCf_141	Path point 141 (backward) caa005bTSaIRCf	gc:ReactionPathPoint	141	ex:pathenergy_caa005bTSaIRCf_141
ex:pathpoint_caa005bTSaIRCf_142	Path point 142 (backward) caa005bTSaIRCf	gc:ReactionPathPoint	142	ex:pathenergy_caa005bTSaIRCf_142
ex:pathpoint_caa005bTSaIRCf_143	Path point 143 (backward) caa005bTSaIRCf	gc:ReactionPathPoint	143	ex:pathenergy_caa005bTSaIRCf_143
ex:pathpoint_caa005bTSaIRCf_144	Path point 144 (backward) caa005bTSaIRCf	gc:ReactionPathPoint	144	ex:pathenergy_caa005bTSaIRCf_144
ex:pathpoint_caa005bTSaIRCf_145	Path point 145 (backward) caa005bTSaIRCf	gc:ReactionPathPoint	145	ex:pathenergy_caa005bTSaIRCf_145
ex:pathpoint_caa005bTSaIRCf_146	Path point 146 (backward) caa005bTSaIRCf	gc:ReactionPathPoint	146	ex:pathenergy_caa005bTSaIRCf_146
ex:pathpoint_caa005bTSaIRCf_147	Path point 147 (backward) caa005bTSaIRCf	gc:ReactionPathPoint	147	ex:pathenergy_caa005bTSaIRCf_147
ex:pathpoint_caa005bTSaIRCf_148	Path point 148 (backward) caa005bTSaIRCf	gc:ReactionPathPoint	148	ex:pathenergy_caa005bTSaIRCf_148
ex:pathpoint_caa005bTSaIRCf_149	Path point 149 (backward) caa005bTSaIRCf	gc:ReactionPathPoint	149	ex:pathenergy_caa005bTSaIRCf_149
ex:pathpoint_caa005bTSaIRCf_150	Path point 150 (backward) caa005bTSaIRCf	gc:ReactionPathPoint	150	ex:pathenergy_caa005bTSaIRCf_150
ex:pathpoint_caa005bTSaIRCf_151	Path point 151 (backward) caa005bTSaIRCf	gc:ReactionPathPoint	151	ex:pathenergy_caa005bTSaIRCf_151
ex:pathpoint_caa005bTSaIRCf_152	Path point 152 (backward) caa005bTSaIRCf	gc:ReactionPathPoint	152	ex:pathenergy_caa005bTSaIRCf_152
ex:pathpoint_caa005bTSaIRCf_153	Path point 153 (backward) caa005bTSaIRCf	gc:ReactionPathPoint	153	ex:pathenergy_caa005bTSaIRCf_153
ex:pathpoint_caa005bTSaIRCf_154	Path point 154 (backward) caa005bTSaIRCf	gc:ReactionPathPoint	154	ex:pathenergy_caa005bTSaIRCf_154
ex:pathpoint_caa005bTSaIRCf_155	Path point 155 (backward) caa005bTSaIRCf	gc:ReactionPathPoint	155	ex:pathenergy_caa005bTSaIRCf_155
ex:pathpoint_caa005bTSaIRCf_156	Path point 156 (backward) caa005bTSaIRCf	gc:ReactionPathPoint	156	ex:pathenergy_caa005bTSaIRCf_156
ex:pathpoint_caa005bTSaIRCf_157	Path point 157 (backward) caa005bTSaIRCf	gc:ReactionPathPoint	157	ex:pathenergy_caa005bTSaIRCf_157
ex:pathpoint_caa005bTSaIRCf_158	Path point 158 (backward) caa005bTSaIRCf	gc:ReactionPathPoint	158	ex:pathenergy_caa005bTSaIRCf_158
ex:pathpoint_caa005bTSaIRCf_159	Path point 159 (backward) caa005bTSaIRCf	gc:ReactionPathPoint	159	ex:pathenergy_caa005bTSaIRCf_159
ex:pathpoint_caa005bTSaIRCf_160	Path point 160 (backward) caa005bTSaIRCf	gc:ReactionPathPoint	160	ex:pathenergy_caa005bTSaIRCf_160
ex:pathpoint_caa005bTSaIRCf_161	Path point 161 (backward) caa005bTSaIRCf	gc:ReactionPathPoint	161	ex:pathenergy_caa005bTSaIRCf_161
ex:pathpoint_caa005bTSaIRCf_162	Path point 162 (backward) caa005bTSaIRCf	gc:ReactionPathPoint	162	ex:pathenergy_caa005bTSaIRCf_162
ex:pathpoint_caa005bTSaIRCf_163	Path point 163 (backward) caa005bTSaIRCf	gc:ReactionPathPoint	163	ex:pathenergy_caa005bTSaIRCf_163
ex:pathpoint_caa005bTSaIRCf_164	Path point 164 (backward) caa005bTSaIRCf	gc:ReactionPathPoint	164	ex:pathenergy_caa005bTSaIRCf_164
ex:pathpoint_caa005bTSaIRCf_165	Path point 165 (backward) caa005bTSaIRCf	gc:ReactionPathPoint	165	ex:pathenergy_caa005bTSaIRCf_165
ex:pathpoint_caa005bTSaIRCf_166	Path point 166 (backward) caa005bTSaIRCf	gc:ReactionPathPoint	166	ex:pathenergy_caa005bTSaIRCf_166
ex:pathpoint_caa005bTSaIRCf_167	Path point 167 (backward) caa005bTSaIRCf	gc:ReactionPathPoint	167	ex:pathenergy_caa005bTSaIRCf_167
ex:pathpoint_caa005bTSaIRCf_168	Path point 168 (backward) caa005bTSaIRCf	gc:ReactionPathPoint	168	ex:pathenergy_caa005bTSaIRCf_168
ex:pathpoint_caa005bTSaIRCf_169	Path point 169 (backward) caa005bTSaIRCf	gc:ReactionPathPoint	169	ex:pathenergy_caa005bTSaIRCf_169
ex:pathpoint_caa005bTSaIRCf_170	Path point 170 (backward) caa005bTSaIRCf	gc:ReactionPathPoint	170	ex:pathenergy_caa005bTSaIRCf_170
ex:pathpoint_caa005bTSaIRCf_171	Path point 171 (backward) caa005bTSaIRCf	gc:ReactionPathPoint	171	ex:pathenergy_caa005bTSaIRCf_171
ex:pathpoint_caa005bTSaIRCf_172	Path point 172 (backward) caa005bTSaIRCf	gc:ReactionPathPoint	172	ex:pathenergy_caa005bTSaIRCf_172
ex:pathpoint_caa005bTSaIRCf_173	Path point 173 (backward) caa005bTSaIRCf	gc:ReactionPathPoint	173	ex:pathenergy_caa005bTSaIRCf_173
ex:pathpoint_caa005bTSaIRCf_174	Path point 174 (backward) caa005bTSaIRCf	gc:ReactionPathPoint	174	ex:pathenergy_caa005bTSaIRCf_174
ex:pathpoint_caa005bTSaIRCf_175	Path point 175 (backward) caa005bTSaIRCf	gc:ReactionPathPoint	175	ex:pathenergy_caa005bTSaIRCf_175
ex:pathpoint_caa005bTSaIRCf_176	Path point 176 (backward) caa005bTSaIRCf	gc:ReactionPathPoint	176	ex:pathenergy_caa005bTSaIRCf_176
ex:pathpoint_caa005bTSaIRCf_177	Path point 177 (backward) caa005bTSaIRCf	gc:ReactionPathPoint	177	ex:pathenergy_caa005bTSaIRCf_177
ex:pathpoint_caa005bTSaIRCf_178	Path point 178 (backward) caa005bTSaIRCf	gc:ReactionPathPoint	178	ex:pathenergy_caa005bTSaIRCf_178
ex:pathpoint_caa005bTSaIRCf_179	Path point 179 (backward) caa005bTSaIRCf	gc:ReactionPathPoint	179	ex:pathenergy_caa005bTSaIRCf_179
ex:pathpoint_caa005bTSaIRCf_180	Path point 180 (backward) caa005bTSaIRCf	gc:ReactionPathPoint	180	ex:pathenergy_caa005bTSaIRCf_180
ex:pathpoint_caa005bTSaIRCf_181	Path point 181 (backward) caa005bTSaIRCf	gc:ReactionPathPoint	181	ex:pathenergy_caa005bTSaIRCf_181
ex:pathpoint_caa005bTSaIRCf_182	Path point 182 (backward) caa005bTSaIRCf	gc:ReactionPathPoint	182	ex:pathenergy_caa005bTSaIRCf_182
ex:pathpoint_caa005bTSaIRCf_183	Path point 183 (backward) caa005bTSaIRCf	gc:ReactionPathPoint	183	ex:pathenergy_caa005bTSaIRCf_183
ex:pathpoint_caa005bTSaIRCf_184	Path point 184 (backward) caa005bTSaIRCf	gc:ReactionPathPoint	184	ex:pathenergy_caa005bTSaIRCf_184
ex:pathpoint_caa005bTSaIRCf_185	Path point 185 (backward) caa005bTSaIRCf	gc:ReactionPathPoint	185	ex:pathenergy_caa005bTSaIRCf_185
ex:pathpoint_caa005bTSaIRCf_186	Path point 186 (backward) caa005bTSaIRCf	gc:ReactionPathPoint	186	ex:pathenergy_caa005bTSaIRCf_186
ex:pathpoint_caa005bTSaIRCf_187	Path point 187 (backward) caa005bTSaIRCf	gc:ReactionPathPoint	187	ex:pathenergy_caa005bTSaIRCf_187
ex:pathpoint_caa005bTSaIRCf_188	Path point 188 (backward) caa005bTSaIRCf	gc:ReactionPathPoint	188	ex:pathenergy_caa005bTSaIRCf_188
ex:pathpoint_caa005bTSaIRCf_189	Path point 189 (backward) caa005bTSaIRCf	gc:ReactionPathPoint	189	ex:pathenergy_caa005bTSaIRCf_189
ex:pathpoint_caa005bTSaIRCf_190	Path point 190 (backward) caa005bTSaIRCf	gc:ReactionPathPoint	190	ex:pathenergy_caa005bTSaIRCf_190
ex:pathpoint_caa005bTSaIRCf_191	Path point 191 (backward) caa005bTSaIRCf	gc:ReactionPathPoint	191	ex:pathenergy_caa005bTSaIRCf_191
ex:pathpoint_caa005bTSaIRCf_192	Path point 192 (backward) caa005bTSaIRCf	gc:ReactionPathPoint	192	ex:pathenergy_caa005bTSaIRCf_192
ex:pathpoint_caa005bTSaIRCf_193	Path point 193 (backward) caa005bTSaIRCf	gc:ReactionPathPoint	193	ex:pathenergy_caa005bTSaIRCf_193
ex:pathpoint_caa005bTSaIRCf_194	Path point 194 (backward) caa005bTSaIRCf	gc:ReactionPathPoint	194	ex:pathenergy_caa005bTSaIRCf_194
ex:pathpoint_caa005bTSaIRCf_195	Path point 195 (backward) caa005bTSaIRCf	gc:ReactionPathPoint	195	ex:pathenergy_caa005bTSaIRCf_195
ex:pathpoint_caa005bTSaIRCf_196	Path point 196 (backward) caa005bTSaIRCf	gc:ReactionPathPoint	196	ex:pathenergy_caa005bTSaIRCf_196
ex:pathpoint_caa005bTSaIRCf_197	Path point 197 (backward) caa005bTSaIRCf	gc:ReactionPathPoint	197	ex:pathenergy_caa005bTSaIRCf_197
ex:pathpoint_caa005bTSaIRCf_198	Path point 198 (backward) caa005bTSaIRCf	gc:ReactionPathPoint	198	ex:pathenergy_caa005bTSaIRCf_198
ex:pathpoint_caa005bTSaIRCf_199	Path point 199 (backward) caa005bTSaIRCf	gc:ReactionPathPoint	199	ex:pathenergy_caa005bTSaIRCf_199
ex:pathpoint_caa005bTSaIRCf_200	Path point 200 (backward) caa005bTSaIRCf	gc:ReactionPathPoint	200	ex:pathenergy_caa005bTSaIRCf_200
ex:pathpoint_caa005bTSaIRCf_201	Path point 201 (forward) caa005bTSaIRCf	gc:ReactionPathPoint	201	ex:pathenergy_caa005bTSaIRCf_201
ex:pathpoint_caa005bTSaIRCf_202	Path point 202 (forward) caa005bTSaIRCf	gc:ReactionPathPoint	202	ex:pathenergy_caa005bTSaIRCf_202
ex:pathpoint_caa005bTSaIRCf_203	Path point 203 (forward) caa005bTSaIRCf	gc:ReactionPathPoint	203	ex:pathenergy_caa005bTSaIRCf_203
ex:pathpoint_caa005bTSaIRCf_204	Path point 204 (forward) caa005bTSaIRCf	gc:ReactionPathPoint	204	ex:pathenergy_caa005bTSaIRCf_204
ex:pathpoint_caa005bTSaIRCf_205	Path point 205 (forward) caa005bTSaIRCf	gc:ReactionPathPoint	205	ex:pathenergy_caa005bTSaIRCf_205
ex:pathpoint_caa005bTSaIRCf_206	Path point 206 (forward) caa005bTSaIRCf	gc:ReactionPathPoint	206	ex:pathenergy_caa005bTSaIRCf_206
ex:pathpoint_caa005bTSaIRCf_207	Path point 207 (forward) caa005bTSaIRCf	gc:ReactionPathPoint	207	ex:pathenergy_caa005bTSaIRCf_207
ex:pathpoint_caa005bTSaIRCf_208	Path point 208 (forward) caa005bTSaIRCf	gc:ReactionPathPoint	208	ex:pathenergy_caa005bTSaIRCf_208
ex:pathpoint_caa005bTSaIRCf_209	Path point 209 (forward) caa005bTSaIRCf	gc:ReactionPathPoint	209	ex:pathenergy_caa005bTSaIRCf_209
ex:pathpoint_caa005bTSaIRCf_210	Path point 210 (forward) caa005bTSaIRCf	gc:ReactionPathPoint	210	ex:pathenergy_caa005bTSaIRCf_210
ex:pathpoint_caa005bTSaIRCf_211	Path point 211 (forward) caa005bTSaIRCf	gc:ReactionPathPoint	211	ex:pathenergy_caa005bTSaIRCf_211
ex:pathpoint_caa005bTSaIRCf_212	Path point 212 (forward) caa005bTSaIRCf	gc:ReactionPathPoint	212	ex:pathenergy_caa005bTSaIRCf_212
ex:pathpoint_caa005bTSaIRCf_213	Path point 213 (forward) caa005bTSaIRCf	gc:ReactionPathPoint	213	ex:pathenergy_caa005bTSaIRCf_213
ex:pathpoint_caa005bTSaIRCf_214	Path point 214 (forward) caa005bTSaIRCf	gc:ReactionPathPoint	214	ex:pathenergy_caa005bTSaIRCf_214
ex:pathpoint_caa005bTSaIRCf_215	Path point 215 (forward) caa005bTSaIRCf	gc:ReactionPathPoint	215	ex:pathenergy_caa005bTSaIRCf_215
ex:pathpoint_caa005bTSaIRCf_216	Path point 216 (forward) caa005bTSaIRCf	gc:ReactionPathPoint	216	ex:pathenergy_caa005bTSaIRCf_216
ex:pathpoint_caa005bTSaIRCf_217	Path point 217 (forward) caa005bTSaIRCf	gc:ReactionPathPoint	217	ex:pathenergy_caa005bTSaIRCf_217
ex:pathpoint_caa005bTSaIRCf_218	Path point 218 (forward) caa005bTSaIRCf	gc:ReactionPathPoint	218	ex:pathenergy_caa005bTSaIRCf_218
ex:pathpoint_caa005bTSaIRCf_219	Path point 219 (forward) caa005bTSaIRCf	gc:ReactionPathPoint	219	ex:pathenergy_caa005bTSaIRCf_219
ex:pathpoint_caa005bTSaIRCf_220	Path point 220 (forward) caa005bTSaIRCf	gc:ReactionPathPoint	220	ex:pathenergy_caa005bTSaIRCf_220
ex:pathpoint_caa005bTSaIRCf_221	Path point 221 (forward) caa005bTSaIRCf	gc:ReactionPathPoint	221	ex:pathenergy_caa005bTSaIRCf_221
ex:pathpoint_caa005bTSaIRCf_222	Path point 222 (forward) caa005bTSaIRCf	gc:ReactionPathPoint	222	ex:pathenergy_caa005bTSaIRCf_222
ex:pathpoint_caa005bTSaIRCf_223	Path point 223 (forward) caa005bTSaIRCf	gc:ReactionPathPoint	223	ex:pathenergy_caa005bTSaIRCf_223
ex:pathpoint_caa005bTSaIRCf_224	Path point 224 (forward) caa005bTSaIRCf	gc:ReactionPathPoint	224	ex:pathenergy_caa005bTSaIRCf_224
ex:pathpoint_caa005bTSaIRCf_225	Path point 225 (forward) caa005bTSaIRCf	gc:ReactionPathPoint	225	ex:pathenergy_caa005bTSaIRCf_225
ex:pathpoint_caa005bTSaIRCf_226	Path point 226 (forward) caa005bTSaIRCf	gc:ReactionPathPoint	226	ex:pathenergy_caa005bTSaIRCf_226
ex:pathpoint_caa005bTSaIRCf_227	Path point 227 (forward) caa005bTSaIRCf	gc:ReactionPathPoint	227	ex:pathenergy_caa005bTSaIRCf_227
ex:pathpoint_caa005bTSaIRCf_228	Path point 228 (forward) caa005bTSaIRCf	gc:ReactionPathPoint	228	ex:pathenergy_caa005bTSaIRCf_228
ex:pathpoint_caa005bTSaIRCf_229	Path point 229 (forward) caa005bTSaIRCf	gc:ReactionPathPoint	229	ex:pathenergy_caa005bTSaIRCf_229
ex:pathpoint_caa005bTSaIRCf_230	Path point 230 (forward) caa005bTSaIRCf	gc:ReactionPathPoint	230	ex:pathenergy_caa005bTSaIRCf_230
ex:pathpoint_caa005bTSaIRCf_231	Path point 231 (forward) caa005bTSaIRCf	gc:ReactionPathPoint	231	ex:pathenergy_caa005bTSaIRCf_231
ex:pathpoint_caa005bTSaIRCf_232	Path point 232 (forward) caa005bTSaIRCf	gc:ReactionPathPoint	232	ex:pathenergy_caa005bTSaIRCf_232
ex:pathpoint_caa005bTSaIRCf_233	Path point 233 (forward) caa005bTSaIRCf	gc:ReactionPathPoint	233	ex:pathenergy_caa005bTSaIRCf_233
ex:pathpoint_caa005bTSaIRCf_234	Path point 234 (forward) caa005bTSaIRCf	gc:ReactionPathPoint	234	ex:pathenergy_caa005bTSaIRCf_234
ex:pathpoint_caa005bTSaIRCf_235	Path point 235 (forward) caa005bTSaIRCf	gc:ReactionPathPoint	235	ex:pathenergy_caa005bTSaIRCf_235
ex:pathpoint_caa005bTSaIRCf_236	Path point 236 (forward) caa005bTSaIRCf	gc:ReactionPathPoint	236	ex:pathenergy_caa005bTSaIRCf_236
ex:pathpoint_caa005bTSaIRCf_237	Path point 237 (forward) caa005bTSaIRCf	gc:ReactionPathPoint	237	ex:pathenergy_caa005bTSaIRCf_237
ex:pathpoint_caa005bTSaIRCf_238	Path point 238 (forward) caa005bTSaIRCf	gc:ReactionPathPoint	238	ex:pathenergy_caa005bTSaIRCf_238
ex:pathpoint_caa005bTSaIRCf_239	Path point 239 (forward) caa005bTSaIRCf	gc:ReactionPathPoint	239	ex:pathenergy_caa005bTSaIRCf_239
ex:pathpoint_caa005bTSaIRCf_240	Path point 240 (forward) caa005bTSaIRCf	gc:ReactionPathPoint	240	ex:pathenergy_caa005bTSaIRCf_240
ex:pathpoint_caa005bTSaIRCf_241	Path point 241 (forward) caa005bTSaIRCf	gc:ReactionPathPoint	241	ex:pathenergy_caa005bTSaIRCf_241
ex:pathpoint_caa005bTSaIRCf_242	Path point 242 (forward) caa005bTSaIRCf	gc:ReactionPathPoint	242	ex:pathenergy_caa005bTSaIRCf_242
ex:pathpoint_caa005bTSaIRCf_243	Path point 243 (forward) caa005bTSaIRCf	gc:ReactionPathPoint	243	ex:pathenergy_caa005bTSaIRCf_243
ex:pathpoint_caa005bTSaIRCf_244	Path point 244 (forward) caa005bTSaIRCf	gc:ReactionPathPoint	244	ex:pathenergy_caa005bTSaIRCf_244
ex:pathpoint_caa005bTSaIRCf_245	Path point 245 (forward) caa005bTSaIRCf	gc:ReactionPathPoint	245	ex:pathenergy_caa005bTSaIRCf_245
ex:pathpoint_caa005bTSaIRCf_246	Path point 246 (forward) caa005bTSaIRCf	gc:ReactionPathPoint	246	ex:pathenergy_caa005bTSaIRCf_246
ex:pathpoint_caa005bTSaIRCf_247	Path point 247 (forward) caa005bTSaIRCf	gc:ReactionPathPoint	247	ex:pathenergy_caa005bTSaIRCf_247
ex:pathpoint_caa005bTSaIRCf_248	Path point 248 (forward) caa005bTSaIRCf	gc:ReactionPathPoint	248	ex:pathenergy_caa005bTSaIRCf_248
ex:pathpoint_caa005bTSaIRCf_249	Path point 249 (forward) caa005bTSaIRCf	gc:ReactionPathPoint	249	ex:pathenergy_caa005bTSaIRCf_249
ex:pathpoint_caa005bTSaIRCf_250	Path point 250 (forward) caa005bTSaIRCf	gc:ReactionPathPoint	250	ex:pathenergy_caa005bTSaIRCf_250
ex:pathpoint_caa005bTSaIRCf_251	Path point 251 (forward) caa005bTSaIRCf	gc:ReactionPathPoint	251	ex:pathenergy_caa005bTSaIRCf_251
ex:pathpoint_caa005bTSaIRCf_252	Path point 252 (forward) caa005bTSaIRCf	gc:ReactionPathPoint	252	ex:pathenergy_caa005bTSaIRCf_252
ex:pathpoint_caa005bTSaIRCf_253	Path point 253 (forward) caa005bTSaIRCf	gc:ReactionPathPoint	253	ex:pathenergy_caa005bTSaIRCf_253
ex:pathpoint_caa005bTSaIRCf_254	Path point 254 (forward) caa005bTSaIRCf	gc:ReactionPathPoint	254	ex:pathenergy_caa005bTSaIRCf_254
ex:pathpoint_caa005bTSaIRCf_255	Path point 255 (forward) caa005bTSaIRCf	gc:ReactionPathPoint	255	ex:pathenergy_caa005bTSaIRCf_255
ex:pathpoint_caa005bTSaIRCf_256	Path point 256 (forward) caa005bTSaIRCf	gc:ReactionPathPoint	256	ex:pathenergy_caa005bTSaIRCf_256
ex:pathpoint_caa005bTSaIRCf_257	Path point 257 (forward) caa005bTSaIRCf	gc:ReactionPathPoint	257	ex:pathenergy_caa005bTSaIRCf_257
ex:pathpoint_caa005bTSaIRCf_258	Path point 258 (forward) caa005bTSaIRCf	gc:ReactionPathPoint	258	ex:pathenergy_caa005bTSaIRCf_258
ex:pathpoint_caa005bTSaIRCf_259	Path point 259 (forward) caa005bTSaIRCf	gc:ReactionPathPoint	259	ex:pathenergy_caa005bTSaIRCf_259
ex:pathpoint_caa005bTSaIRCf_260	Path point 260 (forward) caa005bTSaIRCf	gc:ReactionPathPoint	260	ex:pathenergy_caa005bTSaIRCf_260
ex:pathpoint_caa005bTSaIRCf_261	Path point 261 (forward) caa005bTSaIRCf	gc:ReactionPathPoint	261	ex:pathenergy_caa005bTSaIRCf_261
ex:pathpoint_caa005bTSaIRCf_262	Path point 262 (forward) caa005bTSaIRCf	gc:ReactionPathPoint	262	ex:pathenergy_caa005bTSaIRCf_262
ex:pathpoint_caa005bTSaIRCf_263	Path point 263 (forward) caa005bTSaIRCf	gc:ReactionPathPoint	263	ex:pathenergy_caa005bTSaIRCf_263
ex:pathpoint_caa005bTSaIRCf_264	Path point 264 (forward) caa005bTSaIRCf	gc:ReactionPathPoint	264	ex:pathenergy_caa005bTSaIRCf_264
ex:pathpoint_caa005bTSaIRCf_265	Path point 265 (forward) caa005bTSaIRCf	gc:ReactionPathPoint	265	ex:pathenergy_caa005bTSaIRCf_265
ex:pathpoint_caa005bTSaIRCf_266	Path point 266 (forward) caa005bTSaIRCf	gc:ReactionPathPoint	266	ex:pathenergy_caa005bTSaIRCf_266
ex:pathpoint_caa005bTSaIRCf_267	Path point 267 (forward) caa005bTSaIRCf	gc:ReactionPathPoint	267	ex:pathenergy_caa005bTSaIRCf_267
ex:pathpoint_caa005bTSaIRCf_268	Path point 268 (forward) caa005bTSaIRCf	gc:ReactionPathPoint	268	ex:pathenergy_caa005bTSaIRCf_268
ex:pathpoint_caa005bTSaIRCf_269	Path point 269 (forward) caa005bTSaIRCf	gc:ReactionPathPoint	269	ex:pathenergy_caa005bTSaIRCf_269
ex:pathpoint_caa005bTSaIRCf_270	Path point 270 (forward) caa005bTSaIRCf	gc:ReactionPathPoint	270	ex:pathenergy_caa005bTSaIRCf_270
ex:pathpoint_caa005bTSaIRCf_271	Path point 271 (forward) caa005bTSaIRCf	gc:ReactionPathPoint	271	ex:pathenergy_caa005bTSaIRCf_271
ex:pathpoint_caa005bTSaIRCf_272	Path point 272 (forward) caa005bTSaIRCf	gc:ReactionPathPoint	272	ex:pathenergy_caa005bTSaIRCf_272
ex:pathpoint_caa005bTSaIRCf_273	Path point 273 (forward) caa005bTSaIRCf	gc:ReactionPathPoint	273	ex:pathenergy_caa005bTSaIRCf_273
ex:pathpoint_caa005bTSaIRCf_274	Path point 274 (forward) caa005bTSaIRCf	gc:ReactionPathPoint	274	ex:pathenergy_caa005bTSaIRCf_274
ex:pathpoint_caa005bTSaIRCf_275	Path point 275 (forward) caa005bTSaIRCf	gc:ReactionPathPoint	275	ex:pathenergy_caa005bTSaIRCf_275
ex:pathpoint_caa005bTSaIRCf_276	Path point 276 (forward) caa005bTSaIRCf	gc:ReactionPathPoint	276	ex:pathenergy_caa005bTSaIRCf_276
ex:pathpoint_caa005bTSaIRCf_277	Path point 277 (forward) caa005bTSaIRCf	gc:ReactionPathPoint	277	ex:pathenergy_caa005bTSaIRCf_277
ex:pathpoint_caa005bTSaIRCf_278	Path point 278 (forward) caa005bTSaIRCf	gc:ReactionPathPoint	278	ex:pathenergy_caa005bTSaIRCf_278
ex:pathpoint_caa005bTSaIRCf_279	Path point 279 (forward) caa005bTSaIRCf	gc:ReactionPathPoint	279	ex:pathenergy_caa005bTSaIRCf_279
ex:pathpoint_caa005bTSaIRCf_280	Path point 280 (forward) caa005bTSaIRCf	gc:ReactionPathPoint	280	ex:pathenergy_caa005bTSaIRCf_280
ex:pathpoint_caa005bTSaIRCf_281	Path point 281 (forward) caa005bTSaIRCf	gc:ReactionPathPoint	281	ex:pathenergy_caa005bTSaIRCf_281
ex:pathpoint_caa005bTSaIRCf_282	Path point 282 (forward) caa005bTSaIRCf	gc:ReactionPathPoint	282	ex:pathenergy_caa005bTSaIRCf_282
ex:pathpoint_caa005bTSaIRCf_283	Path point 283 (forward) caa005bTSaIRCf	gc:ReactionPathPoint	283	ex:pathenergy_caa005bTSaIRCf_283
ex:pathpoint_caa005bTSaIRCf_284	Path point 284 (forward) caa005bTSaIRCf	gc:ReactionPathPoint	284	ex:pathenergy_caa005bTSaIRCf_284
ex:pathpoint_caa005bTSaIRCf_285	Path point 285 (forward) caa005bTSaIRCf	gc:ReactionPathPoint	285	ex:pathenergy_caa005bTSaIRCf_285
ex:pathpoint_caa005bTSaIRCf_286	Path point 286 (forward) caa005bTSaIRCf	gc:ReactionPathPoint	286	ex:pathenergy_caa005bTSaIRCf_286
ex:pathpoint_caa005bTSaIRCf_287	Path point 287 (forward) caa005bTSaIRCf	gc:ReactionPathPoint	287	ex:pathenergy_caa005bTSaIRCf_287
ex:pathpoint_caa005bTSaIRCf_288	Path point 288 (forward) caa005bTSaIRCf	gc:ReactionPathPoint	288	ex:pathenergy_caa005bTSaIRCf_288
ex:pathpoint_caa005bTSaIRCf_289	Path point 289 (forward) caa005bTSaIRCf	gc:ReactionPathPoint	289	ex:pathenergy_caa005bTSaIRCf_289
